ref,title,size,lastUpdated,downloadCount,voteCount,usabilityRating,day
abdulmalik1518/cars-datasets-2025,Cars Datasets (2025),25987,2025-07-17 21:43:28.493,3856,85,1.0,5
sahilislam007/college-student-placement-factors-dataset,College Student Placement Factors Dataset,110450,2025-07-02 08:33:50.547,7469,157,1.0,5
divyaraj2006/netflix-tv-shows-and-movies,NETFLIX TV SHOWS AND MOVIES,34642,2025-07-04 01:47:30.347,1165,26,1.0,5
urvishahir/electric-vehicle-specifications-dataset-2025,Electric Vehicle Specs Dataset (2025)üîãüöó,16631,2025-06-20 07:14:56.777,10730,257,1.0,5
abhishekjaiswal4896/store-sales-dataset,Store sales dataset,42940,2025-07-05 08:40:49.373,1154,26,1.0,5
mahdimashayekhi/disease-risk-from-daily-habits,Disease Risk from Daily Habits,21829438,2025-07-19 12:10:11.053,860,21,1.0,5
ankushpanday2/indian-kids-screentime-2025,Indian Kids Screentime 2025,70001,2025-07-08 17:25:35.483,3797,67,1.0,5
sumedh1507/college-student-placement,college_student_placement,110450,2025-07-10 13:42:56.357,1294,28,0.8235294,5
divyaraj2006/social-media-engagement,social media engagement,2142,2025-07-02 15:34:21.323,6084,97,1.0,5
atharvasoundankar/cosmetics-and-skincare-product-sales-data-2022,üíÑ Cosmetics & Skincare Product Sales Data (2022),5508,2025-07-21 11:33:47.810,574,21,1.0,5
sumedh1507/teen-phone-addiction,Teen Smartphone Usage and Addiction Impact Dataset,121372,2025-07-11 11:10:20.700,2308,44,0.8235294,5
sufyan145/netflix-movies-and-shows-imdb-scores,Netflix Movies and Shows IMdb Scores,715788,2025-06-25 11:01:19.453,2203,52,1.0,5
pratsharma7/student-quiz-marks-dataset,Student Quiz Marks Dataset,12756,2025-07-17 16:05:24.457,1269,32,1.0,5
tannubarot/cybersecurity-attack-and-defence-dataset,Cybersecurity Attack Dataset,5714817,2025-07-23 06:40:53.203,725,21,0.7058824,5
divyaraj2006/the-complete-pokemo-dataset,The Complete POKEMON Dataset,15234,2025-07-10 03:31:28.707,852,26,1.0,5
adilshamim8/salaries-for-data-science-jobs,Data Science  AI & ML Job Salaries in 2025,2486160,2025-07-24 07:07:31.770,6538,137,1.0,5
baydarenes/customer-attributes-and-purchase-propensity,Customer_Attributes_&_Purchase_Propensity,8828,2025-07-21 11:54:40.720,677,35,1.0,5
abhishekjaiswal4896/mental-health-of-remote-workers,Mental Health Of Remote Workers,3762,2025-07-11 15:56:40.483,920,30,1.0,5
miadul/hypertension-risk-prediction-dataset,Hypertension Risk Prediction Dataset,22838,2025-07-19 22:43:22.783,1423,38,0.7058824,5
pratyushpuri/sports-betting-predictive-analysis-dataset,Sports Betting Predictive Analysis Dataset 2025,39645,2025-07-14 10:24:34.763,625,25,0.9411765,5
dansbecker/melbourne-housing-snapshot,Melbourne Housing Snapshot,461423,2018-06-05 12:52:24.087,186474,1651,0.7058824,5
imtkaggleteam/international-airlines-traffic-by-city-pairs,International Airlines - Traffic by city pairs,2171149,2025-07-20 13:45:33.097,617,22,1.0,5
ayeshasal89/ai-assistant-usage-in-student-life-synthetic,AI Assistant Usage in Student Life,147267,2025-06-25 10:23:02.813,2504,63,0.9411765,5
datasnaek/youtube-new,Trending YouTube Video Statistics,210575746,2019-06-03 00:56:47.177,278513,5727,0.7941176,5
zynicide/wine-reviews,Wine Reviews,53336293,2017-11-27 17:08:04.700,330660,3758,0.7941176,5
datasnaek/chess,Chess Game Dataset (Lichess),2903760,2017-09-04 03:09:09.453,56651,1368,0.8235294,5
dansbecker/powerlifting-database,powerlifting-database,9277600,2019-04-30 21:07:41.560,21527,295,0.5882353,5
rtatman/188-million-us-wildfires,1.88 Million US Wildfires,176270559,2020-05-12 21:03:49.213,38499,1369,0.8235294,5
residentmario/ramen-ratings,Ramen Ratings,40762,2018-01-11 16:04:39.893,51264,946,0.7058824,5
nasa/kepler-exoplanet-search-results,Kepler Exoplanet Search Results,1215549,2017-10-10 18:26:59.497,18677,823,0.8235294,5
residentmario/things-on-reddit,Things on Reddit,16773230,2017-10-26 14:10:15.157,13752,300,0.5882353,5
nolanbconaway/pitchfork-data,18 393 Pitchfork Reviews,34891456,2017-01-13 04:18:10.113,15860,431,0.7058824,5
jpmiller/publicassistance,US Public Food Assistance 1 - WIC,304041,2023-04-17 20:01:05.960,23403,478,0.9411765,5
lteodor/identify-the-author,Identify the author,6525217,2025-07-22 11:51:25.897,452,23,1.0,5
tavuksuzdurum/user-animelist-dataset,User Animelist Dataset,2046766366,2025-07-21 02:24:53.703,381,13,1.0,5
divyanshnegi2735/india-crime-data-wrt-population-statewise2001-13,India Crime Data wrt Population StateWise(2001-13),148709,2025-07-12 09:38:02.537,986,22,0.9411765,5
adnanelouardi/600k-fitness-exercise-and-workout-program-dataset,600K+ Fitness Exercise & Workout Program Dataset,6571966,2025-07-09 10:37:51.833,860,21,1.0,5
princekhunt19/700-jobs-data-of-ai-and-data-fields-2025,700+ JOBs Data of AI & Data Fields | 2025,2643262,2025-06-26 13:40:39.490,1098,28,1.0,5
atharvasoundankar/road-accidents-dataset,üöß Road Traffic Accident Data ‚Äì United Kingdom,7562080,2025-07-09 12:12:41.773,1341,29,1.0,5
iabhishekofficial/mobile-price-classification,Mobile Price Classification,72340,2018-01-28 08:44:24.237,228426,2346,0.7058824,5
sahilislam007/ai-impact-on-job-market-20242030,AI Impact on Job Market: (2024‚Äì2030),967504,2025-06-28 07:44:15.533,2155,52,1.0,5
ziya07/college-student-management-dataset,College Student Management Dataset,30212,2025-06-28 04:47:26.503,2338,39,0.88235295,5
rudraprasadbhuyan/spotify-dataset-for-ml-practice,Spotify Dataset for ML Practice,23511842,2025-07-13 17:26:28.307,1164,34,1.0,5
harshvardhan21/dna-sequence-prediction,DNA Sequence Prediction,5010968,2025-07-08 07:06:43.147,580,21,0.9411765,5
youssefelebiary/google-stock-prices-2015-2024,Google Stock Prices (2015-2024),43856,2025-06-22 20:39:33.403,935,28,1.0,5
yasserhessein/multiclass-diabetes-dataset,Multiclass Diabetes Dataset,3755,2025-07-18 09:17:03.757,592,25,1.0,5
neelagiriaditya/ufc-datasets-1994-2025,UFC DATASETS [1994-2025],3489077,2025-07-16 08:58:01.777,666,26,1.0,5
dansbecker/home-data-for-ml-course,home data for ml course,96211,2019-01-23 00:45:18.757,24135,257,0.3529412,5
shalmamuji/electricity-cost-prediction-dataset,Electricity cost prediction dataset,158026,2025-07-03 21:22:59.450,1049,30,1.0,5
baydarenes/turkish-youtube-videos-with-new-features,Turkish_Youtube_Videos_With_Enhanced_Features,51227,2025-07-20 12:40:46.950,174,21,1.0,5
nailasrivastava/life-expectancy-analysis,Life-Expectancy-Analysis,547753,2025-07-10 15:27:19.683,592,12,1.0,5
khwaishsaxena/lung-cancer-dataset,Lung Cancer Dataset,19146677,2025-06-25 03:39:42.770,3134,55,1.0,5
atharvasoundankar/global-student-migration-and-higher-education-trends,Global Student Migration & Higher Education Trends,121701,2025-07-02 12:08:00.377,2145,62,1.0,5
harishthakur995/mcdonalds-finanacial-data-2021-2024,Mcdonalds finanacial data 2021-2024,29483,2025-07-08 12:28:07.540,845,22,1.0,5
vinayaks0n1/ipl-2025,IPL 2025,8159,2025-06-22 04:53:34.497,2657,44,1.0,5
adilshamim8/netflix-stock-price-history,NETFLIX STOCK PRICE HISTORY,126706,2025-07-17 06:23:48.743,2552,54,1.0,5
junaid512/bmw-car-sales-classification-dataset,BMW Car Sales Classification Dataset,847518,2025-06-25 16:59:19.910,1829,30,0.8235294,5
karagwaanntreasure/plant-disease-detection,Plant Disease Detection,559927257,2025-07-12 10:31:21.923,322,23,0.875,5
chaudharisanika/smartphones-dataset,Smartphones Dataset,22452,2025-06-15 15:50:56.727,6139,99,1.0,5
anandshaw2001/top-spotify-songs-in-countries,Top Spotify Listening History Songs in Countries,6389288,2025-07-01 00:00:00.000,3030,64,1.0,5
hideyukizushi/20250627-cmi-b-102-b-105,20250627---CMI-B-102-B-105,59164177,2025-06-26 14:35:55.293,99,3,0.5625,5
novandraanugrah/nasdaq-100-nas100-historical-price-data,NASDAQ 100 (NAS100) Historical Price Data,50021036,2025-07-15 19:57:29.260,204,8,1.0,5
denvermagtibay/ai-generated-essays-dataset,AI Generated Text Dataset,1460246,2025-07-03 08:07:04.933,356,12,1.0,5
sazzadsiddiquelikhon/anime-character-database-july-2025,Anime Character Database (July 2025),25381245,2025-07-17 06:41:52.583,473,25,1.0,5
beatafaron/fmcg-daily-sales-data-to-2022-2024,FMCG Daily Sales Data (2022-2024),3872354,2025-07-17 12:25:28.127,952,18,1.0,5
sazzadsiddiquelikhon/myanimelist-anime-database-july-2025,Anime Database (July 2025),9462490,2025-07-16 08:26:15.303,600,26,1.0,5
hasanulbannahimel/ssc-exam-result-trends-in-bangladesh-20012025,SSC Exam Result Trends in Bangladesh (2001‚Äì2025),671,2025-07-20 14:45:15.037,447,26,0.7058824,5
abdulwadood11220/netflix-customer-churn-dataset,Netflix Customer Churn dataset,190004,2025-07-05 21:38:12.010,1644,33,1.0,5
prekshad2166/student-study-habits,Student Study Habits,22339,2025-06-13 06:17:45.500,1639,30,1.0,5
edacelikeloglu/nasa-space-weather-data,NASA_space_weather_data,1443326,2025-07-15 13:36:07.223,269,27,1.0,5
marcelbiezunski/serie-a-matches-dataset-2020-2025,Serie A Matches Dataset (2020-2025),123810,2025-07-06 12:56:58.500,294,18,1.0,5
rajansavaliya22/popular-movies-dataset,Popular movies dataset,57811950,2025-06-29 08:24:16.413,1269,26,1.0,5
divyaraj2006/instagram-data,INSTAGRAM DATA,501,2025-06-25 07:35:16.900,1649,37,1.0,5
shivvm/popular-movies-imdb-reviews-dataset,IMDB Movies Reviews Dataset,3495548,2025-07-11 06:49:44.707,617,28,1.0,5
kelvinobiri/credit-card-transactions,Credit_Card_Transactions,6249108,2025-06-28 09:33:12.710,546,14,0.9411765,5
tanishksharma9905/top-popular-anime,Top Popular Anime,5363394,2025-06-18 16:51:50.807,1287,32,1.0,5
khushikyad001/teen-phone-addiction-and-lifestyle-survey,Teen Phone Addiction and Lifestyle Survey,121372,2025-06-28 05:53:15.763,2460,39,1.0,5
renecardoso/national-survey-on-school-dropout,National Survey on School Dropout,1487780,2025-06-20 17:47:42.010,930,27,0.9411765,5
bismasajjad/global-ai-job-market-and-salary-trends-2025,Global AI Job Market & Salary Trends 2025,1130756,2025-06-29 08:16:54.867,17246,261,1.0,5
alexisbcook/data-for-datavis,Interesting Data to Visualize,145429,2022-04-29 20:37:30.880,98398,357,0.3529412,5
kshitijsaini121/remote-work-of-health-impact-survey-june-2025,Remote Work Of Health Impact Survey June 2025,45354,2025-07-05 04:28:08.293,966,31,0.88235295,5
parulpandey/palmer-archipelago-antarctica-penguin-data,Palmer Archipelago (Antarctica) penguin data,11558,2020-06-09 10:14:54.563,100001,675,0.9705882,5
miadul/asthma-synthetic-medical-dataset,Asthma synthetic medical dataset,190006,2025-07-17 00:53:10.923,775,26,0.7058824,5
mlg-ulb/creditcardfraud,Credit Card Fraud Detection,69155672,2018-03-23 01:17:27.913,930767,12342,0.85294116,5
shivamb/netflix-shows,Netflix Movies and TV Shows,1400865,2021-09-27 04:44:36.770,615358,9215,1.0,5
sumanbera19/laptop-price-dataset,Laptop Price and Specification Dataset,118662,2025-06-24 02:55:26.153,1476,26,1.0,5
sahilislam007/e-commerce-customer-analytics-loyalty-vs-fraud,E-Commerce Customer Analytics : Loyalty vs Fraud,112310,2025-06-30 08:14:30.117,1029,28,1.0,5
imtkaggleteam/health-insurance-dataset,Health Insurance Dataset,20398,2025-07-05 11:59:00.730,1324,37,1.0,5
melissamonfared/spotify-tracks-attributes-and-popularity,Spotify Tracks Attributes and Popularity,8571540,2025-07-09 21:31:43.180,1039,28,1.0,5
imtkaggleteam/medical-information-dataset,Medical Information Dataset,198508809,2025-07-15 16:32:34.703,524,28,0.88235295,5
ravindrasinghrana/dtdc-courier-dataset,DTDC Courier Dataset,8634814,2025-07-06 09:46:31.430,309,8,1.0,5
frtgnn/dog-breeds-by-personality-and-size,Dog Breeds by Personality and Size,689,2025-07-08 11:27:33.990,304,9,1.0,5
michaelhakim/zara-sales-analysis,Zara Sales Analysis,3708593,2025-06-18 14:59:51.397,2827,37,0.9411765,5
uciml/iris,Iris Species,3687,2016-09-27 07:38:05.440,721358,4308,0.7941176,5
adilshamim8/microsoft-stock-price-history,MICROSOFT STOCK PRICE HISTORY,375516,2025-07-16 14:48:46.207,907,30,1.0,5
anandkushawaha/aviation-crashed-flights-data,Aviation Crashed Flights Data,95824,2025-07-08 12:33:56.673,711,22,1.0,5
pratyushpuri/stock-market-june-2025-dataset,Stock Market Prediction for August 2025 Dataset,264457,2025-07-23 01:36:25.043,1982,48,1.0,5
rdmpage/new-training-labels,Make Data Count training labels,13198,2025-07-03 09:05:30.283,402,25,0.64705884,5
gauravkumar2525/zomato-restaurant-dataset,Zomato Restaurant Dataset,2115146,2025-06-19 16:32:09.067,1551,29,0.88235295,5
yasserh/titanic-dataset,Titanic Dataset,22564,2021-12-24 14:53:06.913,170774,541,1.0,5
subhajournal/shoppers-behavior-and-revenue,Shopper's Behavior and Revenue,258315,2025-06-12 17:02:41.527,1144,28,1.0,5
kartiksaini18/churn-bank-customer,Churn Bank Customer,267794,2025-07-02 11:00:41.133,993,27,0.88235295,5
rakeshkapilavai/ai-tool-usage-by-indian-college-students-2025,AI Tool Usage by Indian College Students 2025,90645,2025-06-09 12:37:13.017,2501,48,1.0,5
jessicali9530/animal-crossing-new-horizons-nookplaza-dataset,Animal Crossing New Horizons Catalog,590770,2021-06-08 15:05:09.513,78271,53467,0.88235295,5
turakut/plant-disease-classification,Plant Disease Classification,358274,2025-06-22 07:54:27.970,1128,30,1.0,5
minatoyukinaxlisa/tc-smiles,Tc_SMILES,7639,2025-06-18 13:58:32.203,735,16,0.47058824,5
uciml/pima-indians-diabetes-database,Pima Indians Diabetes Database,9128,2016-10-06 18:31:56.823,668433,4683,0.88235295,5
adilshamim8/people-detection,People Detection Dataset,2086864755,2025-06-15 08:50:40.623,621,21,1.0,5
blastchar/telco-customer-churn,Telco Customer Churn,175758,2018-02-23 18:20:00.210,382891,3133,0.88235295,5
khushikyad001/mental-health-and-burnout-in-the-workplace,Mental Health & Burnout in the Workplace,109284,2025-07-04 13:15:36.800,1334,28,1.0,5
canozensoy/dinosaur-genera-dataset,Dinosaur Genera Dataset,69199,2025-07-06 07:24:36.337,233,25,0.88235295,5
hacker-news/hacker-news,Hacker News,0,2019-02-12 00:34:51.853,0,607,0.7058824,5
vivek468/superstore-dataset-final,Superstore Dataset,562846,2022-02-17 11:33:07.720,145143,779,1.0,5
adilshamim8/amazon-stock-price-history,AMAZON STOCK PRICE HISTORY,160096,2025-07-18 08:44:44.693,881,24,1.0,5
iamtanmayshukla/breast-cancer-diagnostic-data-set,Breast Cancer Diagnostic Data Set,49814,2025-06-25 21:34:56.323,425,23,1.0,5
iamtanmayshukla/cardiac-arrest-dataset,Cardiac Arrest Dataset,6359,2025-06-19 18:44:20.507,1187,26,1.0,5
ryanholbrook/dl-course-data,DL Course Data,242157006,2020-09-11 17:01:17.383,37887,132,0.5882353,5
omrathod2003/140-most-popular-crops-image-dataset,Plants and Crops Image Dataset For Agriculture,12798356406,2025-06-29 16:44:18.387,1416,29,1.0,5
vinayaks0n1/imdb-tv-show-reviews,IMDB TV Show Reviews,2314303,2025-06-21 10:09:35.927,1146,34,1.0,5
tanishksharma9905/global-economic-indicators-20102025,Global Economic Indicators (2010‚Äì2025)- World bank,263193,2025-06-22 17:13:44.997,2256,29,1.0,5
faizankhandeshmukh/how-students-use-chatgpt-filtered-reddit-dataset,How Students Use ChatGPT ‚Äì Filtered Reddit Dataset,178990573,2025-07-15 15:13:33.477,611,27,0.7058824,5
gmudit/linear-regression-dataset-synthetic,Linear_Regression_Dataset [Synthetic],18915,2025-06-28 05:50:49.333,756,29,1.0,5
joycemara/european-fashion-store-multitable-dataset,Multitable Ecommerce European Fashion,64691,2025-06-23 11:34:08.443,1095,28,0.7058824,5
spscientist/students-performance-in-exams,Students Performance in Exams,8907,2018-11-09 18:25:25.037,378575,4718,0.7058824,5
karkavelrajaj/amazon-sales-dataset,Amazon Sales Dataset,2043633,2023-01-17 06:21:15.450,181626,1083,1.0,5
aliranjipour/toronto-weather-stats-nov-1937-jul-2025,Toronto Daily Weather Data (1937‚Äì2025),1852794,2025-07-17 14:59:54.923,590,22,0.7647059,5
sinatavakoli/books-dataset-for-nlp-and-recommendation-systems,Books Dataset for NLP & Recommendation Systems,2089930,2025-07-02 13:48:19.823,270,20,1.0,5
rakeshkapilavai/extrovert-vs-introvert-behavior-data,Extrovert vs. Introvert Behavior Data,31277,2025-06-13 14:26:48.303,31258,566,1.0,5
drisrarahmad/realistic-sales-revenue-dataset,Realistic Sales Revenue Dataset,140595,2025-07-16 18:19:40.820,807,25,0.7058824,5
darrendube/airlinedataset,Airline Performance Data: FY 2022/23,3265,2025-06-30 18:58:09.330,1306,34,1.0,5
eswaranmuthu/u-s-economic-vital-signs-25-years-of-macro-data,U.S. Economic Vital Signs: 25 Years of Macro Data,8856,2025-06-28 22:21:32.343,221,9,1.0,5
muhammadazam121/student-performance-data,student-performance-data,67739,2025-06-14 04:11:38.953,2024,41,1.0,5
khwaishsaxena/mobile-phone-pricing-dataset,Mobile Phone Pricing Dataset,47396,2025-06-23 04:24:57.307,1105,31,1.0,5
chicago/chicago-crime,Chicago Crime,0,2018-04-17 21:52:18.170,0,1179,0.7058824,5
ankit07chy/mobile-uncleaned-data-set-scrapped-real-website,Mobile Uncleaned Data Set Scrapped (Real Website),56646,2025-06-27 17:54:03.940,579,25,1.0,5
khwaishsaxena/vehicle-price-prediction-dataset,Vehicle Price Prediction Dataset,307492,2025-06-23 05:12:07.013,1797,33,1.0,5
pratsharma7/the-american-express-campus-challenge-dataset,The American Express Campus Challenge Dataset,115870625,2025-07-06 06:50:20.080,764,27,1.0,5
nayakganesh007/google-ads-sales-dataset,Google Ads sales dataset,62691,2025-07-22 09:29:36.533,776,22,0.7058824,5
pratyushpuri/crypto-market-sentiment-and-price-dataset-2025,Cryptocurrency Market Sentiment & Price Data 2025,93215,2025-07-04 14:42:53.677,748,26,0.9411765,5
urvishahir/global-freelancers-raw-dataset,Global Freelancers (Raw) Dataset üíºüßë‚Äçüíª,22598,2025-07-05 21:48:23.950,212,15,1.0,5
pratyushpuri/remote-work-health-impact-survey-2025,Remote Work Health Impact Survey 2025,45354,2025-07-01 08:42:38.937,1812,41,0.9411765,5
samvelkoch/global-airports-iata-icao-timezone-geo,Global Airports Dataset (IATA  ICAO  Timezone),‚úàÔ∏è,2025-07-01 00:00:00.000,0,735,27.0,5
lakshmi25npathi/imdb-dataset-of-50k-movie-reviews,IMDB Dataset of 50K Movie Reviews,26962657,2019-03-09 06:32:21.130,313145,1441,0.8235294,5
banuprasadb/visdrone-dataset,VisDrone Dataset,2251268022,2025-06-28 12:49:31.430,312,17,1.0,5
mfayyazgiki/ecommerce,eCommerce dataset 2025,7407,2025-06-26 20:04:42.357,923,24,1.0,5
kfoster150/grammy-award-nominees-and-winners-1958-2024,Grammy Award Nominees and Winners  1958-2024,815767,2025-06-20 23:26:04.270,1249,39,1.0,5
nibeditasahu/electric-vehicle-population-analysis,Electric Vehicle Population Analysis,10564209,2025-06-23 16:59:18.427,1375,26,0.88235295,5
developerghost/intrusion-detection-logs-normal-bot-scan,Intrusion Detection Logs (Normal  Bot  Scan),357290,2025-07-02 07:04:22.937,286,11,1.0,5
fayaznoor10/movie-transcripts-59k,Massive 59K+ Movie Transcripts Dataset,902228875,2025-06-28 12:49:38.237,78,7,1.0,5
paultimothymooney/chest-xray-pneumonia,Chest X-Ray Images (Pneumonia),2463365435,2018-03-24 19:41:59.603,486913,7057,0.75,5
imtkaggleteam/kidney-stone-classification-and-object-detection,Kidney Stone | Classification and Object Detection,225076257,2025-07-03 14:04:13.163,239,24,0.875,5
zlatan599/mushroom1,Mushroom species recognition,12118896052,2025-06-06 17:07:33.480,2325,39,1.0,5
gregorut/videogamesales,Video Game Sales,390286,2016-10-26 09:10:49.853,704439,6472,0.5882353,5
abdulwadood11220/youtube-data-for-analytics-600-rows,YouTube data for Analytics (600 rows),242039,2025-06-21 01:01:10.737,1450,41,1.0,5
aslawant/superhero-movies-dataset,Superhero Movies Dataset,15959,2025-06-30 13:36:42.227,1008,36,1.0,5
adilshamim8/bitcoin-historical-data,BITCOIN HISTORICAL DATA,110745,2025-07-22 02:36:04.470,51,4,1.0,5
sahilislam007/health-and-lifestyle-dataset,Health And Lifestyle Dataset,123230,2025-06-25 09:52:01.580,2558,53,1.0,5
abdulwadood11220/usa-house-sales-data,USA House Sales Data,137669,2025-06-22 10:52:07.067,1609,31,1.0,5
youssefelebiary/industrial-residential-air-quality-classification,Industrial-Residential Air Quality Classification,753040,2025-06-21 10:45:38.100,1150,31,1.0,5
marcelbiezunski/laliga-matches-dataset-2019-2025-fbref,LaLiga Matches Dataset (2019-2025  FBref),140433,2025-06-20 22:11:51.263,1179,42,1.0,5
ryanholbrook/fe-course-data,FE Course Data,27023163,2021-01-08 22:04:20.690,38805,68,0.5,5
shalmamuji/spam-email-classification,SPAM EMAIL CLASSIFICATION,125413,2025-07-06 16:30:05.140,337,10,1.0,5
adilshamim8/tesla-stock-price-history,TESLA STOCK PRICE HISTORY,91769,2025-07-13 07:55:41.963,1500,45,1.0,5
uciml/sms-spam-collection-dataset,SMS Spam Collection Dataset,215934,2016-12-02 19:29:17.523,290075,1685,0.7352941,5
pranjalyadav92905/titanic-eda-data,Titanic EDA Data,22548,2025-07-04 15:35:18.670,634,26,1.0,5
philiphyde1/time-series-supply-chain-dataset,Time Series Supply Chain Dataset,982625,2025-06-29 21:25:06.257,196,2,1.0,5
kyanyoga/sample-sales-data,Sample Sales Data,79402,2016-11-24 01:32:33.887,227032,1080,0.7058824,5
gmudit/employer-data,Employee Data,166688,2025-07-04 18:14:00.060,136,2,1.0,5
madankhatri123h/books-dataset,Books Dataset,366327,2025-06-11 12:38:45.230,2290,44,1.0,5
bahadirbor/bist-automotive-stocks,BIST Automotive Stocks,233017,2025-07-12 10:10:40.183,27,10,1.0,5
tmdb/tmdb-movie-metadata,TMDB 5000 Movie Dataset,9317430,2017-09-28 01:09:12.897,453374,4087,0.8235294,5
tanishksharma9905/pokemon-data-csv,Comprehensive Pokemon Dataset,54349,2025-06-17 11:28:45.743,2495,40,1.0,5
nina2025/15-juli-2025-drw,15-juli-2025-drw,28310318,2025-07-18 02:01:32.187,97,4,0.3529412,5
chaudharisanika/share-of-the-population-using-the-internet,Share of the population using the Internet,45169,2025-07-04 16:13:34.610,65,5,1.0,5
raghavdharwal/vehicle-orientation-dataset-part-1,Vehicle Orientation dataset - Object detection,24589865403,2025-07-19 08:27:52.863,52,11,1.0,5
reverie4/e-commerce-fashion-product-urls-from-multiple-apps,E-Commerce Fashion Product URLs,9515809,2025-06-08 18:15:17.207,597,22,0.9375,5
kanchana1990/real-estate-data-south-carolina-2025,Real Estate Data South Carolina 2025,44524,2025-07-08 05:52:15.080,491,26,1.0,5
fedesoriano/heart-failure-prediction,Heart Failure Prediction Dataset,8762,2021-09-10 18:11:57.517,219765,2930,1.0,5
camnugent/california-housing-prices,California Housing Prices,409382,2017-11-24 03:14:59.677,238670,1451,0.85294116,5
umerhaddii/f1-25-canada-austria-uk-gps,F1-25: Canada - Austria - UK GPs,108763,2025-07-11 06:42:35.823,33,18,0.9411765,5
senkin13/rdkit-2025-3-3-cp311,rdkit-2025.3.3-cp311,34533711,2025-06-17 02:23:05.460,380,14,0.1875,5
brendan45774/test-file,Titanic dataset,11514,2021-12-02 16:11:42.367,184548,1453,1.0,5
rockyt07/data-center-dataset,Global Data Center Dataset,90481,2025-07-01 00:00:00.000,171,6,1.0,5
milapgohil/car-dataset,Indian Car Sell Dataset üöó - Brand  Model & Price,2234822,2025-06-20 09:15:34.320,1788,36,1.0,5
ryanholbrook/ts-course-data,TS Course Data,122560,2021-07-31 15:19:37.890,25811,63,0.29411766,5
aparnashastry/building-permit-applications-data,San Francisco Building Permits,18892000,2018-03-13 22:55:40.153,27331,279,0.8235294,5
msambare/fer2013,FER-2013,63252113,2020-07-19 12:24:26.627,215621,1571,0.75,5
akashbommidi/2026-qs-world-university-rankings,2026 QS World University Rankings,79500,2025-06-20 17:32:43.993,1236,36,1.0,5
masoudnickparvar/brain-tumor-mri-dataset,Brain Tumor MRI Dataset,155791278,2021-09-24 12:43:45.510,127214,908,0.875,5
canozensoy/dinosaur-tactical-action-dataset,Dinosaur Tactical Action Dataset,10215577,2025-07-06 09:33:04.890,36,23,0.88235295,5
milapgohil/flavorsense-tastes-predicted-by-life-and-climate,üçΩÔ∏èFlavorSense: Tastes Predicted by Life & Climate,45106,2025-06-16 06:25:53.117,779,26,1.0,5
pavansubhasht/ibm-hr-analytics-attrition-dataset,IBM HR Analytics Employee Attrition & Performance,51314,2017-03-31 06:55:16.973,243089,2721,0.88235295,5
johnsmith88/heart-disease-dataset,Heart Disease Dataset,6325,2019-06-06 15:33:55.463,245889,1427,0.88235295,5
olistbr/brazilian-ecommerce,Brazilian E-Commerce Public Dataset by Olist,44717580,2021-10-01 19:08:27.970,352201,3612,1.0,5
nailasrivastava/drugs-side-effects-and-medical-conditions,Drugs  Side_Effects & Medical_Conditions,1325873,2025-06-15 08:12:12.643,1154,24,1.0,5
khushikyad001/ai-thinks-personality-traits-from-selfies,AI Thinks : Personality Traits from Selfies,839,2025-07-16 14:57:23.603,41,5,1.0,5
mirichoi0218/insurance,Medical Cost Personal Datasets,16425,2018-02-21 00:15:14.117,330125,2931,0.88235295,5
uciml/breast-cancer-wisconsin-data,Breast Cancer Wisconsin (Diagnostic) Data Set,49796,2016-09-25 10:49:04.067,464300,3844,0.85294116,5
umerhaddii/toyota-stock-data-2025,TOYOTA Stock Data 2025,237011,2025-06-27 05:30:27.570,554,36,1.0,5
dmitryuarov/smiles-extra-data,SMILES Extra Data,93240,2025-06-30 12:56:33.767,651,15,0.3529412,5
kanakbaghel/hospital-management-dataset,Hospital Management Dataset,11375,2025-05-30 14:40:55.287,3875,48,0.9411765,5
mpwolke/social-capital-college,Social Capital by College,211826,2025-07-06 00:54:51.473,32,1,1.0,5
jurijsruko/lettuce,Lettuce Growth Days Analysis,63501,2024-10-15 17:17:39.837,13367,70,0.9411765,5
baydarenes/turkish-youtube-videos,Turkish_Youtube_Videos,445566,2025-07-18 13:39:22.420,8,10,1.0,5
clmentbisaillon/fake-and-real-news-dataset,fake-and-real-news-dataset,42975911,2024-04-19 13:02:33.387,50758,222,1.0,5
younusmohamed/wellington-zone-1-power-consumption,Wellington Zone 1 Power Consumption,3128881,2025-07-04 17:34:34.910,100,28,1.0,5
sahilislam007/youth-tobacco-survey-in-indian-states,Youth Tobacco Survey In Indian States,12491,2025-06-15 05:53:30.500,614,26,1.0,5
hideyukizushi/cmi25-imu-thmtof-tf-bilstm-gru-attentionlb-xx,CMI25 | IMU+THM/TOF |TF BiLSTM+GRU+Attention|LB.xx,13750313,2025-06-12 07:24:57.220,136,1,0.29411766,5
stackoverflow/stackoverflow,Stack Overflow Data,0,2019-03-20 23:18:28.723,0,695,0.64705884,5
chaudharisanika/india-area-and-population-density-census-2011,India Area and Population Density - Census 2011,5956,2025-06-26 17:02:24.953,1097,29,1.0,5
tfisthis/enterprise-genai-adoption-and-workforce-impact-data,Enterprise GenAI Adoption & Workforce Impact Data,3081470,2025-06-12 09:47:41.007,505,18,1.0,5
michaelhakim/walmart-sales-analysis,Walmart sales analysis,959682,2025-06-18 14:29:58.397,2992,44,0.9411765,5
pratyushpuri/global-ai-job-market-trend-2025,Global AI Job Market Trends & Salary Insights 2025,529004,2025-06-29 16:35:50.887,1061,25,0.88235295,5
prasad22/healthcare-dataset,Healthcare Dataset,3054550,2024-05-08 12:15:16.477,96342,706,1.0,5
carrie1/ecommerce-data,E-Commerce Data,7548686,2017-08-17 02:44:30.943,221358,1899,0.7058824,5
kmader/skin-cancer-mnist-ham10000,Skin Cancer MNIST: HAM10000,5582914511,2018-09-20 20:36:13.037,196870,2073,0.7058824,5
shakhoyatshujon/reddit-break-up-stories-dataset-20232025,Reddit Break-Up Stories Dataset (2023‚Äì2025),847944,2025-06-30 18:35:27.540,114,9,1.0,5
himanshunakrani/iris-dataset,Iris dataset,1006,2022-07-20 18:50:06.277,61624,260,1.0,5
vjchoudhary7/customer-segmentation-tutorial-in-python,Mall Customer Segmentation Data,1583,2018-08-11 07:23:02.830,241910,1827,0.88235295,5
hojjatk/mnist-dataset,MNIST,Dataset,2025-07-01 00:00:00.000,0,163832,527.0,5
maharshipandya/-spotify-tracks-dataset,üéπ Spotify Tracks Dataset,8571542,2022-10-22 14:40:15.300,61105,376,1.0,5
saanvitayal07/teen-mental-health-chatbot-dataset,teen_mental_health_chatbot_dataset,8880,2025-06-22 10:34:00.777,541,23,0.9411765,5
naivedatamodel/temperature-dataset-india,Temperature dataset India,1702,2025-07-04 18:34:20.540,85,6,1.0,5
aslawant/ps2-classics-on-ps3-regional-release-data,PS2 Games Released on PS3,6845,2025-07-23 15:02:54.617,2,8,0.9411765,5
hideyukizushi/cmi-d-111,CMI-D-111,237888978,2025-07-08 16:09:46.293,66,1,0.5625,5
kunshbhatia/crop-production-data-raw-refined,Crop Production Data ( Raw + Refined),119629,2025-07-14 12:00:18.490,72,5,1.0,5
ryanholbrook/car-or-truck,Car or Truck?,81475411,2020-09-17 21:53:46.347,8734,86,0.375,5
ryanholbrook/computer-vision-resources,Computer Vision Resources,13772835,2020-07-23 10:40:17.447,4331,15,0.1764706,5
ryanholbrook/cv-course-models,CV Course Models,503843284,2020-07-15 14:22:43.970,5412,36,0.1875,5
youssefelebiary/global-air-quality-2023-6-cities,Global Air Quality (2023) - 6 Cities,1947473,2025-06-16 22:38:43.947,1489,38,1.0,5
yasserh/housing-prices-dataset,Housing Prices Dataset,4740,2022-01-12 18:18:46.587,125646,414,1.0,5
imdevskp/corona-virus-report,COVID-19 Dataset,19921674,2020-08-07 03:47:47.907,385752,2629,1.0,5
abhishekdave9/digital-habits-vs-mental-health-dataset,Screen Time Impact on Mental Health,559014,2025-06-13 11:42:28.647,1444,33,0.9411765,5
beatafaron/telco-customer-churn-realistic-customer-feedback,Telco Customer Churn + Realistic Customer Feedback,1958686,2025-06-23 13:06:02.087,655,20,1.0,5
sarcasmos/diabetic-patient-sample,Diabetic_patient_sample,974,2025-07-04 19:23:10.953,81,12,0.9411765,5
harishthakur995/mcdonald-vs-burger-king,Mcdonald vs Burger king,828884,2025-06-18 11:56:30.247,1373,31,1.0,5
yashmotiani/blinkit-marketing-and-customer-powerbi-dashbord,Blinkit Marketing and Customer Feedback Dashboard,9330015,2025-06-16 14:58:16.297,1873,28,0.9411765,5
emmarex/plantdisease,PlantVillage Dataset,689512690,2018-10-30 01:16:23.440,99518,851,0.5625,5
miadul/introvert-extrovert-and-ambivert-classification,Introvert  Extrovert & Ambivert Classification,4932684,2025-06-22 04:37:56.110,1444,39,0.7058824,5
rohitsahoo/sales-forecasting,Superstore Sales Dataset,491942,2020-09-11 15:40:14.483,118283,693,1.0,5
sudipde25/mri-dataset-for-detection-and-analysis,Brain MRI Dataset for Tumor Detection and Analysis,6932020879,2025-07-22 20:51:53.180,874,32,1.0,5
kemical/kickstarter-projects,Kickstarter Projects,38571084,2018-02-08 09:02:30.193,88473,1621,0.7941176,5
kipshidze/shoplifting-video-dataset,Shoplifting Video Dataset,761143542,2025-06-13 20:28:27.277,312,10,1.0,5
open-aq/openaq,OpenAQ,0,2017-12-01 18:08:44.753,0,251,0.7058824,5
briscdataset/brisc2025,üß† BRISC 2025,260542520,2025-07-20 19:37:33.853,472,15,0.75,5
mikhail1681/walmart-sales,Walmart Sales,125107,2024-06-06 07:36:51.367,53675,490,1.0,5
arshid/iris-flower-dataset,Iris Flower Dataset,1010,2018-03-22 15:18:06.097,213191,989,0.8235294,5
adilshamim8/social-media-addiction-vs-relationships,Students' Social Media Addiction,7851,2025-05-10 14:38:02.713,31792,449,1.0,5
atharvaingle/crop-recommendation-dataset,Crop Recommendation Dataset,65234,2020-12-19 05:01:46.843,65399,509,0.7058824,5
kazanova/sentiment140,Sentiment140 dataset with 1.6 million tweets,84855679,2017-09-13 22:43:19.117,229820,2190,0.88235295,5
shalmamuji/personality-prediction-data-introvert-extrovert,Personality prediction data | introvert extrovert,164292,2025-06-12 10:38:45.273,1133,35,1.0,5
miadul/kidney-disease-risk-dataset,Kidney Disease Risk Dataset,25763,2025-07-20 00:11:42.540,728,21,0.7058824,5
datahackers/state-of-data-brazil-20242025,State of Data Brazil 2024-2025,1723456,2025-05-09 17:40:45.890,1001,183,1.0,5
shahriarkabir/drug-discovery-virtual-screening-dataset,Drug Discovery Virtual Screening Dataset,203807,2025-07-18 08:43:43.837,19,6,1.0,5
tfisthis/global-air-quality-and-respiratory-health-outcomes,Global Air Quality and Respiratory Health Outcomes,1808169,2025-06-07 14:49:36.480,2478,39,1.0,5
linyeping/tg-smiles-pid-polymer-class,Tg_SMILES_PID_Polymer Class,109799,2025-06-21 08:53:24.457,142,3,0.4117647,5
chaitu20/ipl-dataset2008-2025,IPL Dataset(2008-2025),6688937,2025-06-06 17:04:29.517,1782,35,1.0,5
aimlveera/counterfeit-product-detection-dataset,Ecommerce Counterfeit Products Dataset,333538,2025-07-04 10:05:23.013,149,2,1.0,5
therohithanand/movie-genre-classification,Movie Genre Classification,1595063,2025-06-20 07:20:14.807,1882,41,1.0,5
umangsinghal5/nutritional-and-carbon-footprint-data-of-indian-diet,Nutritional & Carbon Footprint Data of Indian Diet,39319,2025-07-21 15:14:50.057,12,4,1.0,5
semihyagli/stl10-labeled-image-recognition-dataset,STL10-Labeled Image Recognition Dataset,4938540,2025-07-22 20:16:34.423,129,10,1.0,5
sadiqshah/bike-sales-in-europe,Bike Sales,in,2025-07-01 00:00:00.000,1209546,0,163997.0,5
akshaydattatraykhare/diabetes-dataset,Diabetes Dataset,9128,2022-10-06 08:55:25.697,146842,1529,1.0,5
palvinder2006/zepto-inventory-dataset,Zepto Inventory Dataset,253115,2025-05-16 06:35:35.313,5279,39,1.0,5
abhishek14398/salary-dataset-simple-linear-regression,Salary Dataset - Simple linear regression,457,2023-01-10 03:55:40.137,69414,404,1.0,5
pratyushpuri/wearable-health-devices-performance-analysis,Wearable Health Device Performance Data 2025,63270,2025-06-26 20:45:47.920,659,29,0.9411765,5
saurabh00007/iriscsv,Iris.csv,1307,2017-11-09 07:34:35.167,178069,323,0.4117647,5
khushikyad001/cancer-patient-data-in-denmark,Cancer Patient Data in Denmark,109804,2025-05-23 16:06:12.483,628,18,1.0,5
fedesoriano/stroke-prediction-dataset,Stroke Prediction Dataset,69007,2021-01-26 19:29:28.887,249558,3347,1.0,5
chicago/chicago-taxi-trips-bq,Chicago Taxi Trips,0,2018-04-18 13:40:20.370,0,269,0.7058824,5
thedevastator/unlock-profits-with-e-commerce-sales-data,E-Commerce Sales Dataset,6634810,2022-12-03 09:27:17.413,106328,700,1.0,5
sanjidh090/kuet-whispers,KUET_whispers_Dataset,1546586,2025-07-22 19:15:44.490,24,8,1.0,5
laurenainsleyhaines/patch-25-11-league-of-legends-champion-data-2025,Patch 25.11 League of Legends Champion Data (2025),37115,2025-06-05 18:52:56.937,441,28,1.0,5
salader/dogs-vs-cats,dogs vs cats,1142891694,2018-11-30 19:31:13.533,149731,670,0.375,5
carlmcbrideellis/kaggle-grandmasters-dataset-updated-daily,Kaggle Grandmasters dataset (Updated daily),33151,2025-07-24 23:35:07.413,18,10,1.0,5
marcelbiezunski/gta-san-andreas-vehicle-stats-full-handling-data,GTA San Andreas Vehicle Stats - Full Handling Data,7300,2025-07-14 19:53:56.777,21,3,1.0,5
snap/amazon-fine-food-reviews,Amazon Fine Food Reviews,253873708,2017-05-01 18:51:31.490,229435,2361,0.7941176,5
mohammadtalib786/retail-sales-dataset,Retail Sales Dataset,11509,2023-08-22 18:33:09.170,54679,323,1.0,5
uciml/red-wine-quality-cortez-et-al-2009,Red Wine Quality,26176,2017-11-27 23:41:08.883,308031,3101,0.88235295,5
icebearogo/fruit-classification-dataset,Fruit Classification Dataset,659201086,2025-05-26 21:13:05.733,2407,44,0.9411765,5
aesika/english-premier-league-player-stats-2425,English Premier League - Player Stats - 24/25,33272,2025-06-14 02:46:37.287,1237,30,0.8235294,5
zeeshanahmad124586/psl-complete-dataset-2016-2025,PSL Complete Dataset (2016-2025),768083,2025-07-03 10:26:22.827,29,12,1.0,5
unidpro/grocery-shelves,Grocery Shelves Dataset,36611803,2025-06-16 01:05:24.770,316,13,0.9375,5
zalando-research/fashionmnist,Fashion MNIST,72114846,2017-12-07 00:54:20.537,246098,3003,0.85294116,5
reignrichard/coffee-store-sales,Coffee Store Sales,426152,2025-07-11 12:23:43.847,236,3,0.9411765,5
patrickb1912/ipl-complete-dataset-20082020,IPL Complete Dataset (2008-2024),1910090,2024-06-08 07:13:12.087,122111,968,1.0,5
vipoooool/new-plant-diseases-dataset,New Plant Diseases Dataset,2897709187,2018-11-18 07:09:16.050,143596,1431,0.75,5
usgs/earthquake-database,Significant Earthquakes  1965-2016,604367,2017-01-26 20:14:10.770,48953,598,0.85294116,5
bkcoban/retail-transaction-dataset,Retail Transaction Dataset,538441,2025-05-30 12:37:34.913,1169,28,1.0,5
mathchi/diabetes-data-set,Diabetes Dataset,9128,2020-08-05 21:27:01.953,157442,846,1.0,5
imakash3011/customer-personality-analysis,Customer Personality Analysis,63450,2021-08-22 18:15:05.273,202989,2769,0.9705882,5
ihelon/coffee-sales,Coffee Sales,43929,2025-03-25 10:20:05.300,40016,415,1.0,5
urvishahir/ferrari-dataset,Ferrari Images Dataset (2025)üèéÔ∏è,299947316,2025-07-06 20:30:08.043,283,8,1.0,5
umerhaddii/netflix-stock-data-2025,NETFLIX Stock Data 2025,136315,2025-06-13 04:51:25.643,1312,48,1.0,5
mczielinski/bitcoin-historical-data,Bitcoin Historical Data,100048098,2025-07-25 01:01:38.333,207289,3766,1.0,5
sahilislam007/loan-factors-prediction-dataset,Loan Factors Prediction Dataset,434827,2025-06-21 09:02:24.590,711,24,1.0,5
grassknoted/asl-alphabet,ASL Alphabet,1100887034,2018-04-22 19:31:36.210,94232,1122,0.875,5
nina2025/13-juli-2025-drw,13-Juli-2025-drw,26813682,2025-07-14 04:37:30.607,59,2,0.3529412,5
heptapod/titanic,Titanic,11090,2017-05-16 08:14:22.210,118865,1654,0.7058824,5
yagizfiratt/turkish-superleague-players-salaries-20242025,Turkish Super League Players Salaries (2024/2025),14560,2025-07-03 05:21:03.920,116,5,1.0,5
akashbommidi/exoplanets-dataset,Exoplanets - We are Not Alone!,690526,2025-06-21 05:01:03.513,573,26,1.0,5
jessemostipak/hotel-booking-demand,Hotel booking demand,1308365,2020-02-13 01:27:20.800,177441,2567,1.0,5
smithsonian/volcanic-eruptions,Volcanic Eruptions in the Holocene Period,41317,2017-01-23 23:00:21.703,9086,148,0.8235294,5
navoneel/brain-mri-images-for-brain-tumor-detection,Brain MRI Images for Brain Tumor Detection,15828590,2019-04-14 15:15:54.730,137335,1477,0.5,5
theworldbank/world-bank-intl-education,World Bank: Education Data,0,2019-03-20 23:17:41.593,0,481,0.64705884,5
saigouthampydi/phonepe-pulse-district-upi-data,PhonePe Pulse District UPI Data,9802,2025-07-08 12:28:15.277,43,4,1.0,5
darshanthakare/dog-breeds-image-dataset,Dog Breeds Image Dataset,789495176,2025-06-07 08:06:40.033,677,24,0.875,5
yasserh/uber-fares-dataset,Uber Fares Dataset,7378081,2022-01-01 15:54:14.593,36113,152,1.0,5
iammustafatz/diabetes-prediction-dataset,Diabetes prediction dataset,751272,2023-04-08 06:11:45.837,98787,738,1.0,5
kambojankush/wordle-answer-search-trends-dataset-20212025,Wordle Answer Search Trends Dataset (2021‚Äì2025),30419,2025-06-26 10:13:27.987,154,9,1.0,5
khushikyad001/the-true-cost-of-fast-fashion-impact,The True Cost of Fast Fashion Impact,169033,2025-06-14 04:26:45.950,1085,29,1.0,5
oddrationale/mnist-in-csv,MNIST in CSV,15970596,2018-05-19 02:24:20.883,179052,874,0.8235294,5
willianoliveiragibin/measuring-technological-innovation,Measuring_Technological_Innovation,13138,2025-07-15 23:17:28.693,8,4,1.0,5
iamtanmayshukla/diabetes-patient-dataset-niddk-cr-r4r,Diabetes Patient Dataset - NIH,9136,2025-06-27 17:48:02.077,57,2,1.0,5
furkanima/worldwide-travel-cities-ratings-and-climate,Worldwide Travel Cities (Ratings and Climate),116765,2025-06-10 18:45:53.120,1414,30,1.0,5
verracodeguacas/huggingfacedebertav3variants,huggingface-deberta-v3-variants,11818652754,2022-11-30 03:24:54.173,1586,72,0.9375,5
prashantdhanuk/global-country-metrics-2025-hdi-gdp-pop-area,UN Countries Metrics 2025: HDI  GDP  POP  AREA,7098,2025-06-16 19:58:24.730,709,26,0.9411765,5
rohanrao/formula-1-world-championship-1950-2020,Formula 1 World Championship (1950 - 2024),6585538,2025-01-29 04:43:07.267,128163,2062,1.0,5
tongpython/cat-and-dog,Cat and Dog,228487605,2018-04-26 10:56:50.843,162388,1408,0.75,5
fivethirtyeight/fivethirtyeight-comic-characters-dataset,FiveThirtyEight Comic Characters Dataset,611306,2019-04-26 15:01:41.097,34887,4910,0.8235294,5
nih-chest-xrays/data,NIH Chest X-rays,45096150231,2018-02-21 20:52:23.880,126479,1395,0.7352941,5
kwullum/fatal-police-shootings-in-the-us,Fatal Police Shootings in the US,1113996,2017-09-22 19:18:21.450,33523,440,0.85294116,5
alexisbcook/pakistan-intellectual-capital,Pakistan Intellectual Capital,48975,2020-08-06 17:19:27.377,7184,38,0.47058824,5
storytellerman/mecfs-vs-depression-classification-dataset,ME/CFS vs Depression Classification Dataset,18667,2025-06-08 14:26:25.470,809,26,1.0,5
lhucastenorio/oncology-treatment-datasus-brazil-20132023,Oncology Treatment DataSUS ‚Äì Brazil (2013‚Äì2023),30227619,2025-07-18 18:02:47.963,16,0,0.9411765,5
skullagos5246/upi-transactions-2024-dataset,UPI Transactions 2024 Dataset,5657850,2025-06-14 21:39:13.250,1338,29,1.0,5
usdot/nhtsa-traffic-fatalities,US Traffic Fatality Records,0,2019-03-20 23:21:02.797,0,302,0.7058824,5
rounakbanik/the-movies-dataset,The Movies Dataset,238862293,2017-11-10 02:40:38.583,418494,3773,0.8235294,5
arashnic/fitbit,FitBit Fitness Tracker Data,45396148,2024-03-02 20:47:05.910,178870,2547,0.9411765,5
yasserh/breast-cancer-dataset,Breast Cancer Dataset,49794,2021-12-29 19:07:20.320,89654,578,1.0,5
gauravduttakiit/predicting-the-price-tag-of-fashion-brands,Predicting the Price Tag of Fashion Brands,579497,2025-06-26 10:18:05.693,42,1,0.64705884,5
hbugrae/best-selling-steam-games-of-all-time,Best-Selling Steam Games of All Time,158051,2025-06-12 11:24:15.477,1868,43,1.0,5
lorenzoarcioni/road-damage-dataset-potholes-cracks-and-manholes,Road Damage Dataset: Potholes  Cracks and Manholes,193459929,2025-07-03 17:15:52.280,160,4,0.875,5
cdq-ag/global-2000-companies-2025,Global 2000 Companies (2025),1090091,2025-07-17 17:35:54.313,19,2,1.0,5
redwankarimsony/heart-disease-data,UCI Heart Disease Data,12672,2020-09-23 03:34:11.207,57460,268,0.9411765,5
vikrishnan/boston-house-prices,Boston House Prices,13146,2017-08-03 17:06:12.697,174797,781,0.8235294,5
cdeotte/modernbert-large-cv938,ModernBERT-Large-CV938,0,2025-07-17 17:51:11.837,63,2,0.3125,5
nehalbirla/vehicle-dataset-from-cardekho,Vehicle dataset,299060,2023-01-14 19:35:33.217,194800,1127,1.0,5
jaxa623/extrovert-vs-introvert-behavior-data-backup,Extrovert vs Introvert Behavior Data (Backup),31277,2025-07-01 06:22:34.063,271,13,0.29411766,5
mohansacharya/graduate-admissions,Graduate Admission 2,9867,2018-12-28 10:07:14.910,118789,1902,0.7058824,5
shree1992/housedata,House price prediction,442471,2018-08-26 07:56:22.650,106686,741,0.64705884,5
bigquery/bitcoin-blockchain,Bitcoin Blockchain Historical Data,0,2019-02-12 00:27:44.260,0,746,0.7352941,5
yasserh/wine-quality-dataset,Wine Quality Dataset,21984,2022-01-15 19:15:11.737,96285,748,1.0,5
dakshbhatnagar08/inside-teen-minds-global-mental-health-and-habits,Inside Teen Minds: Global Mental Health & Habits,374106,2025-06-14 08:12:23.497,1215,29,1.0,5
xixama/gallstone-dataset-uci,Gallstone Dataset (UCI),81034,2025-06-23 23:29:38.703,169,3,1.0,5
sanjidh090/resultpf,Bangladesh News Articles from Multiple Newspapers,16169717,2025-06-23 19:44:32.133,81,15,1.0,5
rishgeeky/indian-pharmaceutical-products,Indian Pharmaceutical Products,11060520,2025-06-19 18:14:33.773,1189,27,1.0,5
valeriamaciel/e-coli-resistance-dataset,E. coli Resistance Dataset,3172020,2025-06-28 00:47:55.670,42,3,0.9411765,5
bahadirbor/bist-bank-stocks,BIST Banking Stocks,247548,2025-07-08 11:19:45.887,13,7,1.0,5
jangedoo/utkface-new,UTKFace,347342542,2018-08-16 19:05:30.363,64272,366,0.6875,5
uwrfkaggler/ravdess-emotional-speech-audio,RAVDESS Emotional speech audio,450102890,2019-01-19 18:28:31.433,80882,641,0.875,5
novandraanugrah/xauusd-gold-price-historical-data-2004present,XAUUSD Gold Price Tracker: 2004‚ÄìPresent,1937125,2025-06-06 14:00:10.840,1054,32,1.0,5
alexteboul/diabetes-health-indicators-dataset,Diabetes Health Indicators Dataset,6324278,2021-11-08 16:48:54.510,111114,765,1.0,5
rakeshkapilavai/free-fire-weapons-dataset,Free Fire Weapons Dataset,3099,2025-05-23 12:13:52.940,494,26,1.0,5
khaledxbenali/airline-loyalty-program,Airline Loyalty Program,2710876,2025-06-19 09:16:33.300,292,10,0.9411765,5
dgomonov/new-york-city-airbnb-open-data,New York City Airbnb Open Data,2562692,2019-08-12 16:24:45.737,219683,3037,1.0,5
dansbecker/hospital-readmissions,Medical Data and Hospital Readmissions,534254,2018-09-13 17:46:50.960,6254,65,0.1764706,5
albab12/dhaka-daily-air-quality-and-weather-dataset,Dhaka Daily Air Quality and Weather Dataset,429,2025-07-15 06:48:10.100,34,5,0.9411765,5
dansbecker/new-york-city-taxi-fare-prediction,New York City Taxi Fare Prediction,1569790,2018-09-13 20:32:07.773,4798,35,0.1764706,5
adilshamim8/safety-vests-detection-dataset,Safety Vests Detection Dataset,425273762,2025-07-06 09:46:07.877,61,3,0.9375,5
ravi20076/playgrounds5e6models,PlaygroundS5E6|Models,5176199182,2025-06-30 21:14:21.627,7,17,0.9411765,5
alexisbcook/geospatial-learn-course-data,Geospatial Learn Course Data,244538909,2019-09-20 19:18:48.760,22687,135,0.1764706,5
yasserhessein/gallblader-diseases-dataset,Gallblader Diseases Dataset,2002632949,2025-07-11 11:59:07.080,9,9,0.75,5
mohamedramadan2040/gcc-demographic-data-by-gender-and-nationality,GCC Demographic Data by Gender & Nationality,100854,2025-06-06 14:10:29.350,173,9,1.0,5
heesoo37/120-years-of-olympic-history-athletes-and-results,120 years of Olympic history: athletes and results,5690772,2018-06-15 06:10:41.637,210767,2328,0.8235294,5
mathan/fifa-2018-match-statistics,Predict FIFA 2018 Man of the Match,3952,2018-07-18 08:29:22.397,17788,327,1.0,5
uom190346a/sleep-health-and-lifestyle-dataset,Sleep Health and Lifestyle Dataset,2604,2023-09-18 07:27:03.117,114130,1413,1.0,5
cdeotte/ettin-encoder-1b-cv943,Ettin-Encoder-1B-CV943,3834129025,2025-07-19 21:30:04.030,54,5,0.3125,5
eduardonacimientog/spanish-inclusive-language-phrases,Gender-Inclusive Spanish Language Dataset,48191,2025-06-23 22:06:05.250,143,13,1.0,5
unsdsn/world-happiness,World Happiness Report,37692,2019-11-27 04:41:47.297,357656,4368,0.85294116,5
icebearogo/traffic-sign-detection-dataset,Traffic Sign Detection Dataset,3782719187,2025-05-30 20:19:02.417,618,28,1.0,5
shinchen93/drw-submission-order-reset,DRW_submission_order_reset,8117770,2025-07-08 04:19:21.183,97,0,0.29411766,5
fleshmetal/records-a-comprehensive-music-metadata-dataset,Records: A Music Metadata Dataset,452102512,2025-06-18 03:21:24.453,179,10,1.0,5
nikhil7280/student-performance-multiple-linear-regression,Student Performance (Multiple Linear Regression),49707,2023-06-29 10:38:16.233,56990,295,1.0,5
moltean/fruits,Fruits-360 dataset,3725667254,2025-06-07 16:15:42.817,193783,3212,0.875,5
awsaf49/brats20-dataset-training-validation,BraTS2020 Dataset (Training + Validation),4468570941,2020-07-02 09:07:32.533,64174,344,0.7647059,5
pavanelisetty/sample-audio-files-for-speech-recognition,sample audio files for speech recognition,2338642,2020-08-14 03:26:57.500,32616,49,0.3125,5
jessicali9530/celeba-dataset,CelebFaces Attributes (CelebA) Dataset,1427750792,2018-06-01 20:08:48.043,192011,1745,0.7647059,5
openai/browsecomp-a-benchmark-for-browsing-agents,BrowseComp: A Benchmark for Browsing Agents,680960,2025-06-11 22:01:02.797,311,290,0.47058824,5
awsaf49/coco-2017-dataset,COCO 2017 Dataset,26884362165,2020-09-04 05:05:02.617,55987,441,0.6875,5
kaggle/meta-kaggle,Meta Kaggle,9724972900,2025-07-25 11:51:35.433,31064,1079,1.0,5
dakshbhatnagar08/ai-tools-usage-among-global-high-school-students,AI Tools Usage Among Global High School Students,7380,2025-06-14 05:22:08.087,1306,32,1.0,5
adityajn105/flickr8k,Flickr 8k Dataset,1112971163,2020-04-27 07:27:19.103,142784,505,0.75,5
ahmedmohamed2003/cafe-sales-dirty-data-for-cleaning-training,Cafe Sales - Dirty Data for Cleaning Training,113510,2025-01-17 19:49:39.130,14972,165,1.0,5
jacopoferretti/lung-capacity-of-kids,Lung Capacity of Kids,6214,2025-06-19 00:39:14.950,819,36,1.0,5
novandraanugrah/dow-jones-30-us30-historical-price-data,Dow Jones 30 (US30) Historical Price Data,39085896,2025-07-15 20:10:02.240,27,1,0.9411765,5
kiiroisenkoxx/2025-laptops-in-indian-market-datasets,[2025] Laptops in Indian Market Datasets,411448,2025-07-11 09:25:13.563,30,3,0.88235295,5
lainguyn123/student-performance-factors,Student Performance Factors,96178,2024-11-26 14:13:57.537,77263,1024,1.0,5
balaka18/email-spam-classification-dataset-csv,Email Spam Classification Dataset CSV,1738291,2020-03-10 05:08:13.143,69462,299,0.9117647,5
unidpro/hair-loss-male-norwood-scale,Hair Loss Male Norwood Scale,8273426,2025-06-25 11:29:40.700,191,5,1.0,5
harshitshankhdhar/imdb-dataset-of-top-1000-movies-and-tv-shows,IMDB Movies Dataset,179262,2021-02-01 07:35:48.597,93919,659,1.0,5
abdallahalidev/plantvillage-dataset,PlantVillage Dataset,4371949460,2019-09-01 11:52:26.883,70861,708,0.875,5
robikscube/hourly-energy-consumption,Hourly Energy Consumption,11979477,2018-08-30 14:17:03.317,96454,1068,1.0,5
samanfatima7/crypto-market-snapshot,ü™ôüí∏Latest Crypto Market Snapshot,576824,2025-06-20 11:00:52.800,88,10,1.0,5
aaaditya56/indian-universities,Indian Universities,3567,2025-06-11 08:50:11.147,291,11,0.88235295,5
starbucks/store-locations,Starbucks Locations Worldwide,1149144,2017-02-13 23:05:16.630,87846,596,0.5882353,5
rkiattisak/salaly-prediction-for-beginer,Salary Prediction dataset,3277,2023-03-07 02:45:11.253,26340,162,1.0,5
mkechinov/ecommerce-behavior-data-from-multi-category-store,eCommerce behavior data from multi category store,4606720907,2019-12-09 20:43:39.273,52678,746,1.0,5
myso1987/cmi3-models-p,CMI3 models p,13955142,2025-06-30 10:09:10.917,213,3,0.29411766,5
tawsifurrahman/covid19-radiography-database,COVID-19 Radiography Database,816029038,2022-03-19 13:38:42.940,112153,1114,1.0,5
madaraweerasingha/cinnamon-quality-classification,Cinnamon Quality Classification,1195,2025-06-16 16:20:29.193,810,23,0.8235294,5
jp797498e/twitter-entity-sentiment-analysis,Twitter Sentiment Analysis,2090169,2021-08-09 02:52:11.020,82862,425,1.0,5
wydoinn/daily-rainfall-data-india-2009-2024,Daily Rainfall Data - India (2009-2024),2850645,2025-07-21 17:21:26.357,8,1,1.0,5
uciml/mushroom-classification,Mushroom Classification,35057,2016-12-01 23:08:00.073,163183,2535,0.85294116,5
sarcasmos/karachi-urban-crime-analysis-with-demographic,Karachi Urban Crime Analysis with Demographic,46519,2025-07-09 13:09:04.907,10,4,0.9411765,5
zayndeveloper/mars-curiosity-dataset,Mars Curiosity Image Dataset,20416265191,2025-07-07 16:37:23.273,18,14,0.75,5
thanhlamdev/vehicle-at-ha-noi,Vehicle at Ha Noi,1445264,2025-07-04 09:44:04.930,67,8,1.0,5
wordsforthewise/lending-club,All Lending Club loan data,1356507910,2019-04-10 18:03:34.347,76902,805,0.75,5
aryansinha2003/click-bait-title-classification,Click Bait Title Classification,705752,2025-06-25 11:59:29.793,111,10,1.0,5
harlfoxem/housesalesprediction,House Sales in King County  USA,798275,2016-08-25 15:52:49.797,223784,2248,0.7058824,5
alessiocorrado99/animals10,Animals-10,614087302,2019-12-12 20:46:33.797,93775,1077,1.0,5
anuranduttachowdhury/covid-19-dataset,COVID-19 Global Policy Impact Analysis v1.0,76622927,2025-05-30 21:18:00.707,217,4,0.9411765,5
altruistdelhite04/loan-prediction-problem-dataset,Loan Prediction Problem Dataset,12888,2019-03-12 12:43:33.713,73813,517,0.1764706,5
nguyenthianhngoc/favorite-music-dataset,Favorite Music Playlist Dataset,1712,2025-07-20 14:12:21.620,894,21,0.7647059,5
youssefelebiary/household-trash-recycling-dataset,Household Trash Recycling Dataset (YOLO Format),2163064274,2025-07-15 10:44:24.613,71,4,1.0,5
sumedh1507/asthma-dataset,ü´Å Asthma Risk & Severity Dataset,190006,2025-07-17 05:54:08.207,35,0,0.8235294,5
lava18/google-play-store-apps,Google Play Store Apps,2037893,2019-02-03 13:55:47.603,277682,5010,0.8235294,5
nina2025/21-juli-2025-drw,21-juli-2025-drw,62253080,2025-07-23 22:45:13.337,94,2,0.29411766,5
syedanwarafridi/vehicle-sales-data,Vehicle Sales Data,19753181,2024-02-21 20:16:17.790,66268,645,1.0,5
mdmofazzalhossain789/msrdailyactivity3d-rgb-videos-only,MSRDailyActivity3D (RGB Videos only),2395266216,2025-07-01 08:47:46.953,13,1,1.0,5
sudalairajkumar/indian-startup-funding,Indian Startup Funding,122812,2020-02-11 16:18:55.280,87063,976,1.0,5
vikrishnan/iris-dataset,Iris Dataset,999,2017-08-03 16:00:44.663,52408,166,0.7647059,5
cahyaalkahfi/olympic-medalist-dataset-18962024,All Olympic Medalist (1896‚Äì2024),482181,2025-06-29 11:53:27.767,109,0,1.0,5
ealaxi/paysim1,Synthetic Financial Datasets For Fraud Detection,186385561,2017-04-03 08:40:34.403,117533,1489,0.88235295,5
sobhanmoosavi/us-accidents,US Accidents (2016 - 2023),684855912,2023-05-28 00:54:47.207,151782,2495,1.0,5
janiobachmann/bank-marketing-dataset,Bank Marketing Dataset,145725,2017-11-12 19:20:01.137,80841,551,0.8235294,5
nelgiriyewithana/top-spotify-songs-2023,Most Streamed Spotify Songs 2023,48187,2023-08-26 11:04:57.730,117997,1913,1.0,5
meowmeowmeowmeowmeow/gtsrb-german-traffic-sign,GTSRB - German Traffic Sign Recognition Benchmark,641568792,2018-11-25 18:12:34.427,149975,1231,0.8235294,5
valakhorasani/mobile-device-usage-and-user-behavior-dataset,Mobile Device Usage and User Behavior Dataset,11576,2024-09-28 20:21:12.513,40232,630,1.0,5
rjmanoj/credit-card-customer-churn-prediction,Credit Card Customer Churn Prediction,267794,2020-09-12 07:28:50.093,10993,76,0.29411766,5
puneet6060/intel-image-classification,Intel Image Classification,363152213,2019-01-30 09:22:58.647,149552,1575,0.75,5
prevek18/ames-housing-dataset,Ames Housing Dataset,189065,2018-09-10 01:40:13.893,23463,108,0.1764706,5
rmisra/news-category-dataset,News Category Dataset,27829769,2022-09-24 08:07:21.593,87334,825,1.0,5
sakshigoyal7/credit-card-customers,Credit Card customers,387771,2020-11-19 07:38:44.677,126360,2376,1.0,5
andrewmvd/face-mask-detection,Face Mask Detection,416968083,2020-05-22 07:18:42.220,99339,1879,0.875,5
elnazalikarami/netflix-stock-price,Netflix stock price,5800,2025-07-09 17:40:39.533,41,1,1.0,5
nilesh2042/henley-passport-index-2025-july-global-ranking,Henley Passport Index 2025 July Global Ranking,1989,2025-07-24 04:03:58.790,1,7,1.0,5
tawfikelmetwally/employee-dataset,Employee dataset,18961,2023-09-06 18:15:55.640,56994,437,0.9411765,5
naivedatamodel/india-rain-agriculture-over-the-span-of-52-years,India Rain + Agriculture over the span of 52 years,255198,2025-06-17 17:25:00.103,815,31,1.0,5
yasserhessein/gallstone,Gallstone,94250,2025-07-25 05:45:41.400,23,10,0.88235295,5
ankit07chy/laptopuncleaneddataset,Laptop Uncleaned Dataset Scrap From Real Website,99518,2025-06-20 19:59:17.050,111,7,1.0,5
jayaantanaath/student-habits-vs-academic-performance,Student Habits vs Academic Performance,19512,2025-04-12 10:49:08.663,48814,781,1.0,5
altavish/boston-housing-dataset,Boston housing dataset,11983,2017-10-27 12:17:34.970,69573,217,0.5882353,5
hassan06/nslkdd,NSL-KDD,14529600,2019-04-25 06:13:16.707,63311,310,0.625,5
dakshbhatnagar08/global-high-school-student-lifestyle-and-wellness,Global High School Student Lifestyle & Wellness,6580,2025-06-13 03:29:43.340,883,26,1.0,5
prajwaldongre/loan-application-and-transaction-fraud-detection,Loan Application & Transaction: Fraud Detection,8339124,2025-06-10 08:44:19.813,1819,32,1.0,5
paramaggarwal/fashion-product-images-dataset,Fashion Product Images Dataset,24771215740,2019-03-14 18:57:43.307,57632,752,1.0,5
kartiksaini18/recipe-review-dataset-with-feedback-and-ratings,Recipe Review Dataset with Feedback and Ratings,2165330,2025-07-03 06:29:08.713,28,6,1.0,5
chaudharisanika/pet-adoption-records-with-animal-and-adopter-data,Pet Adoption Records with Animal & Adopter Data,6676,2025-06-18 06:07:13.227,823,30,1.0,5
kumarajarshi/life-expectancy-who,Life Expectancy (WHO),121472,2018-02-10 16:55:10.820,169542,1306,0.8235294,5
snehaanbhawal/resume-dataset,Resume Dataset,65529677,2021-08-08 10:52:47.397,43555,274,1.0,5
ellimaaac/smart-devices-from-99s-to-today,Smart Devices from 99's to Today,5800010,2025-06-21 10:14:00.153,685,30,1.0,5
gauravduttakiit/resume-dataset,Resume Dataset,391839,2021-02-23 23:15:35.347,40364,237,0.7058824,5
osmi/mental-health-in-tech-survey,Mental Health in Tech Survey,49930,2016-11-03 17:28:47.630,87317,1177,0.88235295,5
therohithanand/used-car-price-prediction,Used Car Price Prediction,144387,2025-06-09 08:04:12.570,3353,37,1.0,5
thanhlamdev/rain-forecast-dataset,Rain Forecast Dataset,2868350844,2025-06-22 15:07:22.293,45,15,1.0,5
shubhambathwal/flight-price-prediction,Flight Price Prediction,4360218,2022-02-25 17:58:19.347,58472,568,1.0,5
nilesh2042/used-a-mobile-phone-or-the-internet-to-pay-bills,üì±Used a mobile phone or the internet to pay bills,52665,2025-07-22 12:11:29.170,7,2,0.9411765,5
rohanrao/air-quality-data-in-india,Air Quality Data in India (2015 - 2020),76469579,2020-07-28 12:33:10.347,68423,593,1.0,5
jsphyg/weather-dataset-rattle-package,Rain in Australia,4020790,2020-12-11 10:26:12.167,157473,1824,1.0,5
hugomathien/soccer,European Soccer Database,34297253,2016-10-23 22:31:38.527,251197,4765,0.7058824,5
vanpatangan/divorce-prediction,Divorce Prediction,263270,2025-07-13 09:13:01.167,11,1,0.9411765,5
austinreese/craigslist-carstrucks-data,Used Cars Dataset,275237598,2021-05-06 17:14:08.443,102148,1547,1.0,5
kayleefranklin/predict-the-age-of-a-trilobite,Predict the Age of a Trilobite Fossil,736311,2025-06-11 22:27:25.353,555,29,1.0,5
unidpro/face-recognition-image-dataset,Custom Face Recognition Image Dataset,27609695,2025-07-03 09:33:38.200,24,4,0.9411765,5
shaunthesheep/microsoft-catsvsdogs-dataset,Cats-vs-Dogs,825979578,2020-03-12 05:34:30.730,77153,754,0.875,5
adilshamim8/google-stocks-historical-data,GOOGLE STOCKS HISTORICAL DATA,216895,2025-07-10 08:25:26.547,1079,28,1.0,5
axondata/face-anti-spoofing-dataset,Anti-Spoofing Dataset  95 000 sets,5303334712,2025-07-20 17:36:09.323,7,2,1.0,5
devansodariya/student-performance-data,Student Performance Dataset,7330,2022-05-26 13:55:09.460,56626,634,1.0,5
mohsinijaz1782005/e-commerce-customer-behavior-dashboard,E-commerce Customer Behavior Dashboard,46366788,2025-07-19 21:37:38.340,12,0,1.0,5
arianazmoudeh/airbnbopendata,Airbnb Open Data,10964528,2022-08-01 15:58:10.983,48117,363,1.0,5
ankam6010/synthetic-hr-burnout-dataset,Synthetic HR Burnout Dataset,24115,2025-06-03 17:15:35.657,766,26,1.0,5
sukhmanibedi/cars4u,Cars4u,173037,2021-04-12 18:07:03.930,16596,60,0.1764706,5
cluesec/app-store-music-app-reviews,App Store Music App Reviews,524162,2025-05-23 10:30:42.020,901,33,1.0,5
uciml/adult-census-income,Adult Census Income,460936,2016-10-07 23:42:59.533,93361,693,0.7058824,5
aslawant/fps-video-games,FPS Video Games Dataset,18328,2025-06-17 12:29:38.377,79,24,1.0,5
ajayjaat/caf-order-transactions-dataset,Caf√© Order Transactions Dataset,70544,2025-06-20 08:15:55.690,1266,26,0.7058824,5
aslawant/alternative-metal-bands,Alternative Metal Bands,4471,2025-06-09 12:00:40.530,294,39,1.0,5
rakeshkapilavai/ipl-centuries-dataset-2008-2025,IPL Centuries Dataset (2008-2025),3412,2025-05-25 02:43:40.543,289,17,1.0,5
willianoliveiragibin/international-debt-statistics,International_Debt_Statistics,10691,2025-06-23 22:59:52.233,56,4,1.0,5
apoorvaappz/global-super-store-dataset,Global Super Store Dataset,11683157,2020-07-30 13:26:55.367,31446,139,0.8235294,5
manpreetaiml/jojo-stand-processed-dataset,Jojo Stand Processed Dataset,6437,2025-07-10 17:19:39.110,20,3,1.0,5
youssefelebiary/air-quality-2024,Global Air Quality (2024) - 6 Cities,1842995,2025-05-28 21:17:22.687,2844,41,1.0,5
danielperez067178/real-anonymized-sales-dataset,Real Anonymized Sales Dataset,181211243,2025-07-08 15:39:47.720,47,1,1.0,5
vatsalmavani/spotify-dataset,Spotify dataset,17275602,2021-12-17 05:32:31.793,44953,81,0.1764706,5
novandraanugrah/xauusd-gold-price-historical-data-2004-2024,XAU/USD Gold Price Historical Data (2004-2025),100494344,2025-07-09 12:24:41.173,12347,145,1.0,5
crowdflower/twitter-airline-sentiment,Twitter US Airline Sentiment,2678605,2019-10-16 00:04:05.163,125690,1120,0.8235294,5
miadul/parkinsons-disease-synthetic-dataset,Parkinson‚Äôs Disease Synthetic Dataset,629008,2025-06-26 04:36:45.017,175,3,0.64705884,5
Cornell-University/arxiv,arXiv Dataset,1578386115,2025-07-19 23:51:08.087,69795,1509,0.875,5
mohamedabdalkader/indian-diabetic-retinopathy-image-dataset-idrid2,Indian Diabetic Retinopathy Image Dataset (IDRiD2),2755556027,2025-07-14 00:58:10.503,27,0,1.0,5
ruchi798/data-science-job-salaries,Data Science Job Salaries,7542,2022-06-15 08:59:12.213,91313,1606,1.0,5
ryanholbrook/eurosat,EuroSAT,86894309,2020-06-08 14:11:20.253,2644,52,0.6875,5
venky73/temperatures-of-india,Temperatures of INDIA,4521,2019-02-03 08:46:43.950,17814,69,0.8235294,5
madelinee/minecraft-blocks-items-mobs-biomes-etc,Minecraft Blocks  Items  Mobs  Biomes  etc,20959,2025-07-20 00:11:50.760,56,4,1.0,5
sulianova/cardiovascular-disease-dataset,Cardiovascular Disease dataset,760066,2019-01-20 01:28:23.973,117297,1308,0.64705884,5
sahilislam007/letterbox-movie-classification-dataset,Letterbox Movie Classification Dataset,1938742,2025-05-29 05:21:40.520,1318,26,1.0,5
nayakganesh007/nike-sales-uncleaned-dataset,Nike Sales Dataset,48770,2025-07-23 07:10:02.590,683,22,0.7058824,5
shivamb/amazon-prime-movies-and-tv-shows,Amazon Prime Movies and TV Shows,1690539,2021-10-12 14:55:12.200,62239,336,1.0,5
memoonaqaiser/mobile-phone-usage,Mobile phone usage,4298,2025-06-27 02:15:54.280,954,23,0.8235294,5
sumanthvrao/daily-climate-time-series-data,Daily Climate time series data,22518,2019-08-23 09:22:09.933,81532,489,1.0,5
icebearogo/eye-detection-dataset,Eye Detection Dataset,18943517,2025-05-23 10:03:47.140,1013,43,1.0,5
vinothkannaece/sales-dataset,sales dataset,27634,2025-02-18 05:13:42.943,12895,124,1.0,5
hellbuoy/car-price-prediction,Car Price Prediction Multiple Linear Regression,18523,2019-10-15 16:45:27.080,88560,646,0.7058824,5
bhavikjikadara/dog-and-cat-classification-dataset,Cats and Dogs Classification Dataset,812748137,2023-10-07 17:44:56.873,13574,60,0.8125,5
luisatutau/digital-sales-and-customer-data,Digital Sales & Customer Data,62876,2025-07-08 18:52:46.227,234,1,0.8235294,5
mmohaiminulislam/ecommerce-data-analysis,ECommerce Data Analysis,17628279,2024-01-01 02:04:35.787,6629,57,1.0,5
github/github-repos,GitHub Repos,0,2019-03-20 23:20:50.220,0,406,0.64705884,5
andrewmvd/heart-failure-clinical-data,Heart Failure Prediction,4067,2020-06-20 01:03:20.940,166407,2407,1.0,5
mahendran1/icc-cricket,Cricket data,383854,2020-01-20 06:06:04.877,22354,136,0.7647059,5
ziya07/volleyball-training-feedback-dataset,Volleyball Training Feedback Dataset,72554,2025-07-05 09:47:16.937,30,7,0.88235295,5
chethuhn/network-intrusion-dataset,Network Intrusion dataset(CIC-IDS- 2017),240838240,2023-08-28 05:32:58.360,24564,85,0.7058824,5
petermoorhouse/coral-reef-sites,Coral Reef Sites,211416,2025-07-04 16:42:12.167,24,2,1.0,5
rhuebner/human-resources-data-set,Human Resources Data Set,17041,2020-10-19 13:50:53.540,114180,1155,0.8235294,5
kartik2112/fraud-detection,Credit Card Transactions Fraud Detection Dataset,211766662,2020-08-05 15:20:55.217,83702,486,0.85294116,5
adilshamim8/meta-stock-price-history,META STOCK PRICE HISTORY,134446,2025-07-17 06:16:41.780,75,7,1.0,5
sartajbhuvaji/brain-tumor-classification-mri,Brain Tumor Classification (MRI),91002358,2020-05-24 16:24:55.367,81963,762,0.875,5
andradaolteanu/gtzan-dataset-music-genre-classification,GTZAN Dataset - Music Genre Classification,1301492495,2020-03-24 14:05:33.357,95446,869,0.88235295,5
itachi9604/disease-symptom-description-dataset,Disease Symptom,Prediction,2025-07-01 00:00:00.000,0,50904,479.0,5
architsharma01/loan-approval-prediction-dataset,Loan-Approval-Prediction-Dataset,82535,2023-07-16 16:31:20.923,29890,195,0.9411765,5
shivavashishtha/dirty-excel-data,Dirty Excel Data,13123,2022-02-23 11:59:25.590,17072,212,0.1764706,5
ryanholbrook/tensorflow-flowers,TensorFlow Flowers,228457015,2020-09-24 18:58:21.950,1910,26,0.4375,5
saurabh00007/diabetescsv,diabetes.csv,9128,2017-11-13 11:42:48.713,89158,277,0.4117647,5
cherngs/heart-disease-cleveland-uci,Heart Disease Cleveland UCI,3405,2020-03-29 12:06:31.783,29374,190,0.88235295,5
wiltheman/small-anime-data-taken-from-mal-from-id-0-10-000,Small anime data taken from MAL from id 0-10.000,1854268,2025-07-08 02:36:58.327,28,3,1.0,5
nitindatta/finance-data,Finance Data,2956,2020-03-30 11:58:13.727,21750,204,0.5294118,5
nina2025/19-juli-2025-drw,19-juli-2025-drw,18922830,2025-07-19 00:35:15.173,35,3,0.3529412,5
scottiemeadows/match-data-for-soccer-leagues,match data for soccer leagues,155320,2025-07-18 17:23:12.960,18,6,0.5882353,5
datamunge/sign-language-mnist,Sign Language MNIST,65633206,2017-10-20 15:09:18.850,133276,1639,0.7647059,5
computingvictor/transactions-fraud-datasets,üí≥ Financial Transactions Dataset: Analytics,364629121,2024-10-31 21:29:56.830,23184,196,1.0,5
boristown/darkagicompressarc,DarkAGICompressARC,23535,2025-05-11 14:16:56.210,205,4,0.1875,5
wjburns/common-password-list-rockyoutxt,Common Password List ( rockyou.txt ),53292120,2019-01-13 02:32:14.320,113192,716,0.75,5
mojtaba142/hotel-booking,Hotel Booking,4617760,2021-06-29 05:15:54.050,42667,309,1.0,5
sudalairajkumar/covid19-in-india,COVID-19 in India,776022,2021-08-11 04:14:10.130,292795,2075,0.9117647,5
amjadzhour/car-price-prediction,Car Pricing Regression Dataset,19904,2025-07-15 21:05:57.657,25,2,0.7647059,5
milapgohil/play-tennis-dataset-weather-based-classifier,üåû Play Tennis Dataset: Weather-based,Classifier,2025-07-01 00:00:00.000,0,132,3.0,5
siddharth0935/video-game-sales,Video Game Sales,1991731,2025-06-04 04:26:30.680,3005,40,1.0,5
ejlok1/toronto-emotional-speech-set-tess,Toronto emotional speech set (TESS),448572034,2019-08-24 23:03:36.797,44525,263,0.875,5
thebreaker49/world-population,World Population,9464,2025-07-14 09:52:50.210,14,2,1.0,5
yasserh/walmart-dataset,Walmart Dataset,125095,2021-12-26 07:16:20.267,54544,294,1.0,5
ka66ledata/project-management-risk-raw,Project management Risk Raw,268854,2025-05-24 15:39:18.287,620,13,1.0,5
muhammadwaqas023/predictive-maintenance-oil-and-gas-pipeline-data,Predictive maintenance oil and gas pipeline data,19189,2025-06-04 10:48:53.007,343,6,1.0,5
aaryanmavaninew/hyperparameter-tuned-crop-yield-ml-dataset,Hyperparameter-Tuned Crop Yield ML Dataset,487518,2025-07-15 19:18:30.400,21,1,1.0,5
adilshamim8/nvidia-stock-market-history,NVIDIA STOCK MARKET HISTORY,268738,2025-07-11 08:22:59.997,1307,29,1.0,5
bittlingmayer/amazonreviews,Amazon Reviews for Sentiment Analysis,517080965,2019-11-18 02:50:34.600,93866,1033,0.6875,5
antonoof/clear-data,Clear Data,174537,2025-07-10 07:46:20.383,28,5,0.5882353,5
faresashraf1001/supermarket-sales,Supermarket Sales Dataset,37407,2024-09-19 22:44:01.153,9925,69,0.88235295,5
rakeshkapilavai/engineering-student-journey,Engineering Student Journey,130282,2025-05-30 04:26:33.813,1384,30,1.0,5
thegenesis/uranium-in-punjabs-groundwater,Uranium in Punjab's Groundwater,2623,2025-07-13 13:56:01.540,9,4,0.9411765,5
aryashah2k/breast-ultrasound-images-dataset,Breast Ultrasound Images Dataset,204421470,2021-03-14 04:29:54.023,53251,406,1.0,5
mateuszbuda/lgg-mri-segmentation,Brain MRI segmentation,748584920,2019-05-02 21:32:45.660,84931,971,0.875,5
abdulwadood11220/apple-stocks-dataset-10-years,Apple Inc. Stocks Dataset (10 Years),196910,2025-07-06 14:12:24.550,19,1,0.9411765,5
unidpro/deepfake-videos-dataset,DeepFake Videos Dataset,67730706,2025-06-16 00:58:16.803,171,5,1.0,5
camnugent/sandp500,S&P 500 stock data,20283917,2018-02-10 03:15:53.777,94641,1081,0.7647059,5
amitabhajoy/bengaluru-house-price-data,Bengaluru House price data,199644,2018-04-10 10:19:39.103,85774,443,0.47058824,5
debashis74017/nifty-50-minute-data,NSE - Nifty 50 Index Minute data (2015 to 2025),174193962,2025-03-05 06:03:14.470,22745,290,1.0,5
rabieelkharoua/students-performance-dataset,üìö Students Performance Dataset üìö,67743,2024-06-12 23:09:20.903,54310,727,1.0,5
wilomentena/lgbt-rights-worldwide,LGBT+ rights worldwide (2025),2389,2025-06-10 16:22:14.733,536,28,1.0,5
wenruliu/adult-income-dataset,Adult income dataset,667679,2016-10-06 06:11:40.940,76340,309,0.5882353,5
tfisthis/influencer-marketing-roi-dataset,Influencer Marketing ROI Dataset,3300135,2025-06-09 12:48:40.313,168,5,0.9411765,5
isuranga/load-forecasting-dataset,Load Forecasting Dataset,11053290,2025-07-24 17:49:21.170,8,0,0.9411765,5
madhulikakemwal/flight-crashes-and-deaths-1970-2025,Flight Crashes and Deaths (1970-2025),615,2025-06-15 05:04:14.390,199,4,1.0,5
adamlogman/neurips-dataset,NeurIPS_Preprocessed_Dataset,3608012,2025-07-08 07:04:40.053,144,3,0.1764706,5
rohanrao/nifty50-stock-market-data,NIFTY-50 Stock Market Data (2000 - 2021),19302363,2021-05-01 09:23:17.367,87616,868,1.0,5
jacksoncrow/stock-market-dataset,Stock Market Dataset,547714524,2020-04-02 10:55:57.307,58970,542,0.8235294,5
mashlyn/online-retail-ii-uci,Online Retail II UCI,15217139,2019-12-02 11:03:36.200,25470,199,1.0,5
taweilo/loan-approval-classification-data,Loan Approval Classification Dataset,768769,2024-10-29 04:07:34.383,23659,165,1.0,5
codingloading/stock-trading-app-reviews-zerodha-groww-etc,Stock Trading App Reviews (Zerodha  etc.),6334235,2025-07-10 05:39:51.103,15,2,1.0,5
canozensoy/john-wick-universe-synthetic-dataset,John Wick Universe Synthetic Dataset,1136585,2025-06-22 11:14:23.443,100,34,0.8235294,5
berkeleyearth/climate-change-earth-surface-temperature-data,Climate Change: Earth Surface Temperature Data,88843537,2017-05-01 17:29:10.780,164353,2395,0.7647059,5
abhishekjaiswal4896/indian-traders-loss-dataset,Indian Traders Loss Dataset,6355,2025-07-03 13:39:34.070,22,2,1.0,5
makslypko/large-cars-dataset,Large Dataset of Cars üöóüèé,11473,2025-06-06 08:10:37.170,1339,30,1.0,5
wcukierski/enron-email-dataset,The Enron Email Dataset,375294957,2016-06-16 20:55:19.983,68219,779,0.7647059,5
nayakganesh007/snitch-clothing-sales,Snitch Clothing,Sales,2025-07-01 00:00:00.000,0,10,1.0,5
rakeshrau/social-network-ads,Social Network Ads,3349,2017-08-06 11:52:21.617,70317,209,0.5294118,5
abcsds/pokemon,Pokemon with stats,15234,2016-08-29 06:01:43.490,143212,2661,0.88235295,5
himanshupoddar/zomato-bangalore-restaurants,Zomato Bangalore Restaurants,93341357,2019-03-31 09:48:43.983,80944,1379,1.0,5
algovai/balance-diet-dataset,Calorie Predictions Dataset,301158,2025-06-15 04:21:32.620,151,5,0.9411765,5
teejmahal20/airline-passenger-satisfaction,Airline Passenger Satisfaction,2841945,2020-02-20 16:51:16.547,111079,950,0.9411765,5
heeraldedhia/groceries-dataset,Groceries dataset,263057,2020-09-17 04:36:08.923,80315,666,1.0,5
muthuj7/weather-dataset,Weather Dataset,2342555,2017-12-04 23:52:09.310,64638,348,0.29411766,5
emineyetm/fake-news-detection-datasets,Fake News Detection Datasets,42975967,2022-12-07 11:45:17.723,25692,102,0.5294118,5
ankit07chy/parking-dynamic-dataset,Parking Dynamic Dataset,177495,2025-07-04 17:25:44.580,7,3,0.9411765,5
juhibhojani/house-price,House Price,6926090,2023-08-02 16:51:21.130,18647,187,0.9411765,5
ssrai7/amazon-global-sales-and-review-data,Amazon Global Sales & Review Data,9659413,2025-07-16 21:42:36.883,66,0,0.64705884,5
arnabchaki/data-science-salaries-2023,Data Science Salaries 2023 üí∏,26034,2023-04-13 09:55:16.493,79010,1527,1.0,5
adityakadiwal/water-potability,Water Quality,256729,2021-04-25 10:27:44.613,108210,1602,1.0,5
aryagavande/covid-19-tweets-vaccination-and-deaths-data,COVID-19 Tweets  Vaccination  and Deaths Data,357725,2025-05-29 16:55:01.200,252,5,0.9411765,5
sharifashik/cow-muzzle-dataset,Cow Muzzle Dataset,71246540,2025-06-23 10:42:44.200,53,2,1.0,5
ramachandraudupa/multicancer-dataset,üß¨ MultiCancer Dataset,14289313573,2025-07-13 10:10:55.620,25,2,0.75,5
kmader/food41,Food Images (Food-101),5693808106,2018-05-15 07:40:37.080,50163,689,0.8125,5
nina2025/20-juli-2025-drw,20-juli-2025-drw,54499910,2025-07-20 07:42:50.587,33,4,0.3529412,5
asdasdasasdas/garbage-classification,Garbage Classification,85969666,2018-11-24 05:09:23.977,54112,575,0.8125,5
muhammadshahidazeem/customer-churn-dataset,Customer Churn Dataset,6980992,2023-06-14 11:16:49.197,22543,147,1.0,5
mrsimple07/beamforming-data-analysis,Beamforming_data_analysis,1780410,2025-07-23 17:46:32.083,1,1,1.0,5
sudalairajkumar/novel-corona-virus-2019-dataset,Novel Corona Virus 2019 Dataset,8928752,2021-06-24 04:27:25.870,464048,6272,0.9705882,5
alxmamaev/flowers-recognition,Flowers Recognition,235663188,2021-07-16 16:00:32.503,136517,1984,0.625,5
mohamedramadan2040/education-in-danger-incident-data-2020-to2025,Education Under Attack 2020 to 2025,417658,2025-06-22 16:32:35.353,810,31,0.7647059,5
tamerkanak/cosmetics-and-care-products-review-data,Cosmetics and Care Products Review Data,91168,2025-07-10 20:18:40.490,4,13,0.47058824,5
ananthr1/weather-prediction,WEATHER PREDICTION,11824,2022-01-17 03:16:50.423,52971,351,1.0,5
bravehart101/sample-supermarket-dataset,Sample Superstore Dataset,167457,2020-07-17 07:52:46.827,49433,228,0.9411765,5
gpiosenka/cards-image-datasetclassification,Cards Image Dataset-Classification,403866125,2022-11-17 20:02:15.813,45503,219,0.9117647,5
mansoordaku/ckdisease,Chronic KIdney Disease dataset,9741,2017-04-13 09:16:08.067,55338,372,0.7058824,5
laotse/credit-risk-dataset,Credit Risk Dataset,376518,2020-06-02 06:10:39.067,42629,268,0.7058824,5
prat2004/hindunilvr,Hindustan Unilever Limited (HUL),418692,2025-07-05 12:00:55.297,14,4,0.7647059,5
urvishahir/daily-crypto-tracker-dataset,Daily Global Crypto Market Tracker üåêü™ô,5455,2025-07-24 23:42:03.813,20,2,1.0,5
jjasser/rpg-character-attributes-dataset,RPG Character Attributes Dataset,8524,2025-07-16 00:56:42.720,13,1,1.0,5
naserabdullahalam/phishing-email-dataset,Phishing Email Dataset,80864554,2024-05-24 03:47:20.520,16802,92,1.0,5
zeesolver/mental-health,Impact of Digital Habits on Mental Health,559014,2025-06-14 06:40:22.977,130,2,0.88235295,5
nelgiriyewithana/most-streamed-spotify-songs-2024,Most Streamed Spotify Songs 2024,508134,2024-06-15 18:50:51.113,38557,542,1.0,5
rayhanadi/yolo-formatted-mp-idb-malaria-dataset,MP-IDB-YOLO: YOLO-Formatted MP-IDB Malaria Dataset,723032939,2025-07-05 04:39:48.437,31,4,0.9375,5
asaniczka/tmdb-movies-dataset-2023-930k-movies,Full TMDB Movies Dataset 2024 (1M Movies),230963138,2025-07-25 09:34:40.177,27281,611,1.0,5
adilshamim8/worldwide-covid-19-data-from-who,Worldwide COVID-19 Data from WHO (2025 Edition),3947436,2025-07-20 15:09:46.113,1356,29,1.0,5
alexanderfreberg/airbnb-listings-2016-dataset,Airbnb Listings 2016 Dataset,39245453,2021-12-06 15:19:12.923,52796,269,0.11764706,5
william18652/douban-movies,Douban Movies,63789536,2025-06-16 03:23:43.643,140,2,1.0,5
yasserh/student-marks-dataset,Student Marks Dataset,949,2022-01-04 11:09:03.650,35060,209,1.0,5
prat2004/bajaj-finance,Bajaj Finance,413902,2025-07-05 06:39:55.117,3,4,0.7647059,5
manasgarg/ipl,Indian Premier League (Cricket),1060442,2017-11-23 01:33:56.327,85411,896,0.85294116,5
uciml/german-credit,German Credit Risk,11160,2016-12-14 21:25:02.937,65177,482,0.8235294,5
gagandeep16/car-sales,Car sales,6987,2017-10-26 10:01:26.750,77859,449,0.5882353,5
davidcariboo/player-scores,Football Data from Transfermarkt,172677022,2025-04-11 07:15:53.810,50227,584,0.9411765,5
meteahishali/aerial-imagery-for-standing-dead-tree-segmentation,Aerial Imagery for Dead Tree Segmentation,270715744,2025-04-05 10:07:44.030,967,0,0.6875,5
aritra100/food-waste-dataset-in-u-s-2018,Food Waste Dataset in U.S. 2018,143191,2025-07-17 15:11:43.483,7,1,0.9411765,5
snmahsa/disease-symptoms-and-treatments-dataset,Disease Symptoms and Treatments Dataset,33820,2025-05-31 08:24:15.913,704,29,0.9411765,5
data855/heart-disease,Heart Disease,3478,2020-09-08 06:04:56.323,17656,54,0.7647059,5
erdemtaha/cancer-data,Cancer Data,49810,2023-03-22 07:57:00.013,38776,353,1.0,5
iamsouravbanerjee/world-population-dataset,World Population Dataset,16061,2022-10-20 17:51:07.350,72493,716,1.0,5
anirudhsub/twizzlerdata,Popularity of Twizzlers Dataset,996,2025-06-13 22:01:17.120,469,29,1.0,5
prathamtripathi/drug-classification,Drug Classification,1720,2020-08-14 17:18:56.667,47733,394,1.0,5
arnobbhowmik/ton-iot-network-dataset,TON_IoT Network Dataset,1792044,2025-07-04 07:24:05.360,19,2,0.8235294,5
subhagatoadak/mmm-weekly-data-geoindia,MMM Weekly Data - Geo:India,2463044,2025-07-18 04:35:45.380,7,1,0.88235295,5
sonawanelalitsunil/2025-state-employee-pay,2025 State Employee Pay,908072,2025-07-08 07:50:43.367,50,4,0.9411765,5
leaffallen/net-tools-new,net-tools-new,4830867,2024-11-16 13:50:23.110,79,4,0.1875,5
shwetankchaudhary/power-bi-sample-data,Power BI Sample Data,73587,2022-10-20 15:22:56.010,9110,59,0.1764706,5
parisrohan/credit-score-classification,Credit score classification,9973595,2022-06-22 14:30:55.590,48409,321,0.9411765,5
shayanfazeli/heartbeat,ECG Heartbeat Categorization Dataset,103633768,2018-05-31 18:47:34.427,109861,930,0.5882353,5
zhaoyingzhu/heartcsv,Heart.csv,4658,2017-11-30 08:28:59.443,35707,104,0.1764706,5
karahanos/crude-oil-news-data,Crude Oil News Data,39225,2025-06-30 10:46:37.777,98,12,0.9411765,5
manjilkarki/deepfake-and-real-images,deepfake and real images,1808722718,2022-02-03 15:33:45.663,30466,122,0.625,5
iamsouravbanerjee/animal-image-dataset-90-different-animals,Animal Image Dataset (90 Different Animals),687914671,2022-07-17 11:20:30.170,42771,407,1.0,5
prat2004/asianpaint,ASIANPAINT,423606,2025-07-04 20:07:14.193,10,4,0.7647059,5
usdot/flight-delays,2015 Flight Delays and Cancellations,200067268,2017-02-09 21:36:00.933,149486,1113,0.88235295,5
praveengovi/emotions-dataset-for-nlp,Emotions dataset for NLP,738340,2020-04-16 06:47:48.530,53012,329,1.0,5
ramjidoolla/ipl-data-set,IPL _Data_Set,1299923,2020-09-14 10:57:42.437,47608,458,0.9705882,5
jackdaoud/marketing-data,Marketing Analytics,658411,2022-03-06 23:34:23.433,62171,662,0.9411765,5
awsaf49/cbis-ddsm-breast-cancer-image-dataset,CBIS-DDSM: Breast Cancer Image Dataset,5318997088,2021-01-24 07:35:59.737,41471,319,0.7058824,5
venky73/spam-mails-dataset,Spam Mails Dataset,1954828,2019-01-23 13:44:37.923,49670,186,0.7941176,5
shwetabh123/mall-customers,Mall_Customers,1599,2017-12-23 06:12:40.043,83733,248,0.29411766,5
nazmul0087/ct-kidney-dataset-normal-cyst-tumor-and-stone,CT KIDNEY DATASET: Normal-Cyst-Tumor and Stone,1627919308,2021-11-01 05:06:16.863,24165,200,1.0,5
rtatman/chocolate-bar-ratings,Chocolate Bar Ratings,31056,2017-08-11 23:25:42.487,103318,1198,0.7647059,5
arezaei81/heartcsv,heart.csv,3436,2023-08-02 14:11:41.933,25265,77,0.5294118,5
iarunava/cell-images-for-detecting-malaria,Malaria Cell Images Dataset,708172590,2018-12-05 05:40:21.920,69010,1289,0.625,5
jonathanoheix/face-expression-recognition-dataset,Face expression recognition dataset,126358582,2019-01-03 08:16:53.387,73173,599,0.1875,5
shreyasdasari7/top-100-saas-companiesstartups,Top 100 SaaS Companies/Startups 2025,5050,2025-05-29 00:22:47.850,1483,37,1.0,5
alexisbcook/jigsaw-snapshot,Jigsaw Snapshot,14288063,2021-07-29 13:20:07.947,1911,18,0.47058824,5
omkargurav/face-mask-dataset,Face Mask Detection Dataset,171127690,2020-07-31 18:34:42.573,54447,272,0.625,5
oortdatahub/furniture-dataset-for-multi-angle-ai-training,Furniture Dataset for Multi-Angle AI Training,4893436763,2025-07-08 22:40:43.747,26,11,0.6875,5
hnazari8665/tipscsv,tips.csv,7917,2021-09-04 13:08:00.057,7376,30,0.1764706,5
mrwellsdavid/unsw-nb15,UNSW_NB15,156257637,2019-01-29 01:06:31.127,129077,261,0.5294118,5
najeedosmani/wingo-color-prediction,Win-Go  Color_Prediction,55798,2020-08-04 19:28:15.027,17415,1136,0.5294118,5
ejlok1/cremad,CREMA-D,473324524,2019-08-30 01:23:01.007,30201,117,0.875,5
prat2004/hcltech,HCLTECH,423433,2025-07-05 07:00:59.487,4,4,0.7647059,5
denvermagtibay/philippines-monthly-typhoon-trend-2014-2024,Philippines Monthly Typhoon Trend (2014-2024),2499,2025-07-23 01:42:37.653,6,0,1.0,5
mysarahmadbhat/lung-cancer,Lung Cancer,2046,2021-10-01 13:39:48.130,56555,579,1.0,5
vitalykudelya/ariel-2024-pqdm,ariel_2024_pqdm,125371,2024-10-15 08:38:36.673,117,4,0.1875,5
whenamancodes/student-performance,Student Performance,106753,2022-10-07 05:14:47.567,26894,330,1.0,5
martj42/international-football-results-from-1872-to-2017,International football results from 1872 to 2025,1208642,2025-07-07 15:24:47.490,118925,2357,1.0,5
joniarroba/noshowappointments,Medical Appointment No Shows,2514014,2017-08-20 23:49:38.600,55141,1061,0.7058824,5
abhinavrongala/netflix-datasets-evaluation,Netflix Datasets Evaluation,3905582,2025-05-25 00:03:29.143,2414,33,0.9411765,5
jessicali9530/lfw-dataset,Labelled Faces in the Wild (LFW) Dataset,117895655,2018-05-17 19:57:27.373,50657,343,0.7647059,5
exercisedb/fitness-exercises-dataset,Fitness Exercises Dataset,8824126,2025-06-16 16:25:00.103,144,7,0.75,5
kushalmanage/latest-world-news-2025,Latest World News 2025,26972,2025-06-19 18:07:40.107,498,29,1.0,5
ashydv/advertising-dataset,Advertising Dataset,1869,2019-03-07 06:16:58.190,59465,155,0.4117647,5
adilshamim8/license-plate-recognition,License Plate Recognition Dataset,526135779,2025-06-04 04:43:40.380,498,29,1.0,5
geraldooizx/g-coffee-shop-transaction-202307-to-202506,G Coffee Shop Transaction 202307 to 202506,949177008,2025-07-20 15:27:42.103,7,1,1.0,5
prat2004/axisbank,AXISBANK,416111,2025-07-04 20:06:18.043,7,4,0.7647059,5
marquis03/cats-and-dogs,Cats and Dogs,10219362,2023-10-27 10:48:19.220,9638,85,1.0,5
yusufsadpc/turkish-book-dataset,Turkish Book Dataset,32309508,2025-07-14 09:33:24.037,8,3,1.0,5
devarajv88/target-dataset,e-Commerce (Target) Sales Dataset,37953122,2024-05-22 17:41:48.610,22013,75,1.0,5
gauravox/usdjpy-1-minute-forex-candlestick-data-20152025,USDJPY 1-Minute Forex Candlestick Data (2015‚Äì2025),104677993,2025-07-17 18:10:30.667,7,2,0.9411765,5
benjaminkongshaug/nyc-job-postings-with-esco-occupations-and-skills,NYC Job Postings with ESCO Occupations & Skills,7043522,2025-07-23 07:21:14.310,2,2,0.88235295,5
foyez767/x-ray-images-of-fractured-and-healthy-bones,ü©ª X-ray Images of Fractured and Healthy Bones,561245672,2025-07-07 16:24:26.130,35,2,0.8125,5
dschettler8845/brats-2021-task1,BRaTS 2021 Task 1 Dataset,13194773959,2021-08-19 21:59:00.420,38180,281,0.875,5
ninzaami/loan-predication,Loan Predication,8015,2018-03-11 10:23:38.993,37479,174,0.64705884,5
arashnic/book-recommendation-dataset,Book Recommendation Dataset,25500788,2024-02-09 11:14:20.917,102784,439,1.0,5
kritikseth/fruit-and-vegetable-image-recognition,Fruits and Vegetables Image Recognition Dataset,2130757290,2022-02-12 06:15:55.417,49570,450,0.875,5
paultimothymooney/breast-histopathology-images,Breast Histopathology Images,3326820824,2017-12-19 05:46:40.600,81288,1075,0.75,5
tonylschmitz/digital-machining-database,Digital machining database,38852556011,2025-07-01 22:51:33.307,103,4,0.875,5
awsaf49/brats2020-training-data,Brain Tumor Segmentation(BraTS2020),7254224710,2020-06-21 08:38:50.390,27125,258,0.7058824,5
sumedh1507/bmw-car-sales-dataset,üöó BMW Car Sales Classification Dataset,847518,2025-07-15 07:00:32.773,17,0,0.8235294,5
uciml/default-of-credit-card-clients-dataset,Default of Credit Card Clients Dataset,1025318,2016-11-03 03:39:18.993,89695,974,0.7058824,5
sharmajicoder/apple-stock-data-from-2010-to-2024,Apple Stock Data from 2010 to 2024,108906,2025-06-20 11:47:27.880,72,3,0.9411765,5
anirudhchauhan/retail-store-inventory-forecasting-dataset,Retail Store Inventory Forecasting Dataset,1588139,2024-11-24 20:09:48.580,12539,90,1.0,5
bharatnatrayn/movies-dataset-for-feature-extracion-prediction,MOVIES DATASET FOR FEATURE EXTRACION  PREDICTION,1102493,2021-08-04 07:48:06.737,28556,129,1.0,5
banuprasadb/pascal-voc-2012,PASCAL VOC 2012,1341355948,2025-07-05 14:16:18.457,16,4,1.0,5
xontoloyo/data-penjualan-zara,ZARA Sales,17161,2024-02-27 05:37:53.493,16990,125,0.9411765,5
kashishparmar02/social-media-sentiments-analysis-dataset,Social Media Sentiments Analysis Dataset üìä,52147,2024-01-01 08:14:49.257,33265,186,1.0,5
negoto/mordred-1-2-0-py3-none-any,mordred-1.2.0-py3-none-any,2107336,2025-06-21 11:35:28.640,62,2,0.6875,5
retailrocket/ecommerce-dataset,Retailrocket recommender system dataset,304719974,2022-11-08 16:03:10.607,40027,569,0.88235295,5
shahnawaj9/online-retail,Online_Retail_II,71343848,2025-07-02 19:44:39.263,39,5,0.8235294,5
borismarjanovic/price-volume-data-for-all-us-stocks-etfs,Huge Stock Market Dataset,515591518,2017-11-16 14:53:29.820,132824,4515,0.75,5
shivam2503/diamonds,Diamonds,750893,2017-05-25 03:06:57.827,109702,1084,0.7647059,5
notkrishna/cricket-statistics-for-all-formats,Cricket Dataset,50623,2021-12-17 07:47:03.560,3708,27,1.0,5
gunavenkatdoddi/eye-diseases-classification,eye_diseases_classification,771355331,2022-08-28 09:24:24.113,24947,175,0.875,5
metalgrey/btc-usdt-4h-ohlc-fgi-daily-2020,üìä BTCUSDT 4H + Fear & Greed Index | 4H Updates,174352,2025-07-25 12:50:39.433,155,5,1.0,5
toramky/automobile-dataset,Automobile Dataset,4991,2017-05-24 04:45:13.673,76467,484,0.7352941,5
atharvasoundankar/chocolate-sales,Chocolate Sales Data üìäüç´,14473,2025-03-19 03:51:40.270,33559,465,1.0,5
sharmajicoder/square-vs-rectangle-classification,Square v/s Rectangle Classification,320683,2025-07-09 01:17:56.897,4,4,0.875,5
amitksingh2103/trending-movies-over-the-years,Trending Movies Dataset: 1990 to 2025,1552320,2025-05-25 10:16:24.987,1263,24,1.0,5
mahdimashayekhi/social-media-vs-productivity,Social Media vs Productivity,2374382,2025-05-15 20:01:03.167,5105,58,1.0,5
kurisew/imu-only-datas,imu_only_datas,27230902,2025-07-03 13:23:19.300,84,0,0.23529412,5
sahilislam007/online-retail-customer-churn-prediction-dataset,Online Retail Customer Churn Prediction Dataset,430917,2025-06-21 07:34:19.430,72,1,1.0,5
dansbecker/food-101,Food 101,10067059132,2018-01-03 20:44:28.610,39672,249,0.6875,5
sootersaalu/amazon-top-50-bestselling-books-2009-2019,Amazon Top 50 Bestselling Books 2009 - 2019,14857,2020-10-13 09:39:21.180,76642,1093,1.0,5
kaggle/sf-salaries,SF Salaries,12036742,2019-12-05 23:30:07.663,98626,904,0.7058824,5
nuhmanpk/internships-listing-with-salary-and-location,Internships listing with salary and location,15839,2025-07-03 17:28:23.950,24,2,1.0,5
rabieelkharoua/alzheimers-disease-dataset,üß† Alzheimer's Disease Dataset üß†,274395,2024-06-11 20:24:30.613,22275,235,1.0,5
sakshiidewangan/flight-price-dataset,Flight_price_dataset,628961,2025-07-18 18:44:07.300,43,0,0.7058824,5
alexisbcook/synthetic-credit-card-approval,Synthetic Credit Card Approval,2568113,2021-02-17 21:57:18.097,2175,12,0.1764706,5
jocelyndumlao/cair-cvd-2025-cardiovascular-risk-from-bangladesh,CAIR-CVD-2025: Cardiovascular Risk from Bangladesh,53768,2025-06-17 07:12:05.430,148,7,1.0,5
marcelbiezunski/presidential-elections-poland-2025-official-data,Presidential Elections Poland 2025 (official data),3714851,2025-06-24 12:59:13.327,27,8,1.0,5
sowjun/vizag-traffic-analysis,Vizag Traffic Analysis,33244,2025-07-10 10:41:47.607,17,1,0.9411765,5
agileteam/bigdatacertificationkr,Big Data Certification KR,183393,2025-06-19 01:49:44.780,24861,1365,0.7058824,5
allen-institute-for-ai/CORD-19-research-challenge,COVID-19 Open Research Dataset Challenge (CORD-19),19724979450,2022-06-06 19:39:40.923,190564,11177,0.88235295,5
iamsouravbanerjee/house-rent-prediction-dataset,House Rent Prediction Dataset,84399,2022-08-20 13:49:03.810,52398,571,1.0,5
adilshamim8/student-depression-dataset,Student Depression Dataset,467020,2025-03-13 03:12:30.423,34761,446,1.0,5
datafiniti/consumer-reviews-of-amazon-products,Consumer Reviews of Amazon Products,17049423,2019-05-20 00:38:59.583,59364,492,0.7647059,5
ariyoomotade/netflix-data-cleaning-analysis-and-visualization,Netflix Data: Cleaning  Analysis and Visualization,276607,2022-08-26 09:25:43.997,39566,458,1.0,5
mehmettahiraslan/customer-shopping-dataset,Customer Shopping Dataset - Retail Sales Data,1712272,2023-03-09 07:44:35.310,36851,273,1.0,5
shantanudhakadd/diabetes-dataset-for-beginners,Diabetes Dataset for Beginners,9128,2022-02-25 09:06:14.473,12158,81,0.88235295,5
willianoliveiragibin/new-cars-sold,new cars sold,847,2025-07-22 14:48:03.390,4,1,1.0,5
CooperUnion/anime-recommendations-database,Anime Recommendations Database,26259955,2016-12-21 04:58:34.470,76681,1386,0.8235294,5
ehtishamsadiq/uncleaned-laptop-price-dataset,Uncleaned Laptop Price dataset,24045,2023-02-16 02:07:31.460,11631,58,0.7058824,5
imtkaggleteam/mental-health,Mental Health,346265,2023-07-26 18:23:20.530,22257,331,1.0,5
shariful07/student-mental-health,Student Mental health,1664,2023-02-17 02:11:56.963,67454,590,0.88235295,5
shivamb/real-or-fake-fake-jobposting-prediction,Real / Fake Job Posting Prediction,16868281,2020-02-29 08:23:34.750,41018,691,1.0,5
ai4a-lab/comprehensive-soil-classification-datasets,Comprehensive Soil Classification Datasets,514189522,2025-06-12 11:07:04.747,103,8,0.9375,5
paramaggarwal/fashion-product-images-small,Fashion Product Images (Small),592614936,2019-04-26 16:33:51.490,53854,413,1.0,5
mathurinache/sleep-dataset,Sleep Data,1003,2020-09-06 19:12:17.453,5340,98,1.0,5
samiulalom01/early-suicide-prediction,Early Suicide Prediction,7474,2025-06-30 17:54:50.810,124,34,0.5882353,5
xhlulu/140k-real-and-fake-faces,140k Real and Fake Faces,4024555718,2020-02-10 17:11:35.030,27575,173,0.7647059,5
techsash/waste-classification-data,Waste Classification data,447914276,2019-06-16 03:24:52.733,44373,501,0.875,5
neuromusic/avocado-prices,Avocado Prices,643781,2018-06-06 05:28:35.433,326598,3799,0.9705882,5
prat2004/hdfcbank,HDFCBANK,432070,2025-07-05 07:12:09.013,13,4,0.7647059,5
ankitrajmishra/hr-attrition-dataset,HR_Attrition_dataset,252750,2025-07-13 12:02:36.513,22,0,0.9411765,5
uciml/autompg-dataset,Auto-mpg dataset,6461,2017-07-02 05:25:54.790,67269,351,0.85294116,5
henriqueyamahata/bank-marketing,Bank Marketing,402740,2018-06-06 15:19:35.950,53684,447,0.64705884,5
madhulikakemwal/crime-against-scheduled-caste-in-india,Crime Against Scheduled Caste in India,6898,2025-06-12 05:19:18.917,191,9,1.0,5
kanaadlimaye/alzheimers-classification-dataset,Alzheimers Classification Dataset,71754395,2025-06-27 16:24:04.587,54,2,1.0,5
imnikhilanand/heart-attack-prediction,Heart Attack Prediction,2674,2018-04-25 18:24:01.050,27593,371,0.7058824,5
sshikamaru/car-object-detection,Car Object Detection,117507383,2022-06-26 17:37:34.220,113050,496,0.88235295,5
anikannal/solar-power-generation-data,Solar Power Generation Data,1988756,2020-08-18 15:52:03.597,57997,975,1.0,5
sudalairajkumar/cryptocurrencypricehistory,Cryptocurrency Historical Prices,1782192,2021-07-07 06:39:23.893,98978,1174,0.9705882,5
aslawant/city-weather-dataset,City Weather Dataset,526,2025-06-02 12:48:27.850,595,29,1.0,5
radheshyamkollipara/bank-customer-churn,Bank Customer Churn,314688,2023-04-28 16:32:01.277,26742,211,1.0,5
naivedatamodel/soil-dataset,Soil DataSet,44566601,2025-06-23 09:08:33.430,156,11,0.75,5
abdallahwagih/company-employees,Company Employees,69805,2024-08-10 12:13:08.943,5243,71,0.88235295,5
unidpro/forensic-fingerprint-dataset,Forensic Fingerprint Dataset - 6000+ Images,599616,2025-07-08 10:06:14.343,16,1,0.9375,5
shrutimechlearn/churn-modelling,Churn Modelling,267794,2019-04-03 20:00:23.220,38263,263,0.7647059,5
hesh97/titanicdataset-traincsv,Titanic-Dataset (train.csv),22544,2018-02-02 04:51:06.950,106967,558,0.4117647,5
abdelrahmanahmed110/quranic-ayahs-with-tafseer-json-dataset,Quranic Ayahs with Tafseer JSON Dataset,3061221,2025-07-06 09:34:52.670,13,3,0.9375,5
petermoorhouse/featured-competitions-forum-activity-by-year,Featured Competitions: Forum Activity by Year,13000,2025-07-19 01:17:45.597,0,1,1.0,5
axondata/face-anti-spoofing-advanced-paper-attacks,Anti-Spoofing Paper Attacks Dataset - 5 000 videos,314402488,2025-07-13 15:55:13.550,2,2,1.0,5
fahmidachowdhury/food-adulteration-dataset,Food Adulteration Dataset,11615,2024-07-01 17:01:22.960,958,12,0.9411765,5
phylake1337/fire-dataset,FIRE Dataset,406135295,2020-02-25 16:45:29.537,28160,266,0.875,5
fedesoriano/the-boston-houseprice-data,Boston House Prices-Advanced Regression Techniques,12581,2021-06-01 10:39:10.983,36301,301,1.0,5
andrewmvd/ocular-disease-recognition-odir5k,Ocular Disease Recognition,1742372148,2020-09-24 16:26:29.043,49667,485,0.8235294,5
amruthayenikonda/dirty-dataset-to-practice-data-cleaning,Dirty Dataset to practice Data Cleaning,1241,2023-11-03 13:35:43.080,6785,61,0.8235294,5
imaadmahmood/ethereum-5-years-dataset,Ethereum 5 years DataSet,72095,2025-07-03 03:57:37.423,73,6,0.7058824,5
jessicali9530/stanford-dogs-dataset,Stanford Dogs Dataset,786955428,2019-11-13 06:20:35.130,64913,1112,0.75,5
mantashas/power-bi-sales-dashboard-superstore-dataset,Power BI Sales Dashboard | Superstore Dataset,2434286,2025-07-09 13:46:53.440,51,0,1.0,5
pranjalyadav92905/apple-stock-and-other-key-companies-data,Apple Stock and other key companies Data,990678,2025-07-01 15:37:33.240,31,2,1.0,5
amirmotefaker/supply-chain-dataset,Supply Chain DataSet,9340,2023-06-01 16:31:06.200,17172,92,1.0,5
adhurimquku/ford-car-price-prediction,Ford Car Price Prediction,178475,2022-04-11 10:15:03.047,13264,106,0.9411765,5
rishikeshkonapure/hr-analytics-prediction,HR Analytics,51290,2022-09-15 12:42:21.237,22363,219,1.0,5
phucthaiv02/butterfly-image-classification,Butterfly Image Classification,236814249,2025-06-26 08:07:31.130,20250,169,1.0,5
mariorahmani/polymer-prediction-dependencies,Polymer Prediction Dependencies,4486845243,2025-07-20 10:38:09.103,6,2,0.9375,5
kaggle/meta-kaggle-code,Meta Kaggle Code,150021566586,2025-07-24 08:31:34.750,3474,219,0.875,5
sahilislam007/sales-dataset,Sales Dataset,9016,2025-05-27 07:28:19.667,2714,41,1.0,5
shrutimehta/zomato-restaurants-data,Zomato Restaurants Data,5732543,2018-03-13 04:56:25.810,76343,746,0.7941176,5
kritanjalijain/amazon-reviews,Amazon reviews,1389222210,2021-05-15 09:45:40.597,31441,211,1.0,5
ckshetty/candidate-job-role-dataset,candidate_job_role_dataset,5537,2025-06-26 12:34:55.073,116,1,1.0,5
taeefnajib/used-car-price-prediction-dataset,Used Car Price Prediction Dataset,112006,2023-09-15 12:58:57.503,18261,168,1.0,5
lokeshparab/amazon-products-dataset,Amazon Products Sales Dataset 2023,83555296,2023-03-26 10:45:19.263,56439,462,1.0,5
ravindrasinghrana/employeedataset,Employee/HR Dataset (All in One),532825,2023-08-13 08:06:29.177,25492,173,1.0,5
openfoodfacts/world-food-facts,Open Food Facts,114050691,2017-09-18 12:27:58.027,79157,1254,0.8235294,5
kamilpytlak/personal-key-indicators-of-heart-disease,Indicators of Heart Disease (2022 UPDATE),22474335,2023-10-12 10:58:16.473,90155,921,0.9411765,5
shaswotp84/kathmandu-weather-data-20152025,Kathmandu Weather Data (2015‚Äì2025),142619,2025-07-16 11:01:22.490,11,2,0.7647059,5
prachi13/customer-analytics,E-Commerce Shipping Data,123784,2021-02-23 12:01:47.463,46591,409,0.9411765,5
CooperUnion/cardataset,Car Features and MSRP,105561,2016-12-21 19:27:34.633,84059,757,0.7647059,5
nextmillionaire/pizza-sales-dataset,Pizza Sales Dataset,731793,2024-01-06 17:41:01.163,13199,97,0.88235295,5
mohamedhanyyy/chest-ctscan-images,Chest CT-Scan images Dataset,124379012,2020-08-20 18:46:59.290,39457,404,0.9375,5
suchintikasarkar/sentiment-analysis-for-mental-health,Sentiment Analysis for Mental Health,11587194,2024-07-05 13:58:31.213,19682,219,1.0,5
